restaurant_id,district,r_name,r_latitude,r_longitude,rating,category,address
ChIJpx6eQUxFqEcRLwXCZqvOei4,Tempelhof_1_4,Ristorante Roma,52.44484749999999,13.3745712,4.6,meal_delivery,"Gersdorfstraße 65, Berlin"
ChIJFVcHa31FqEcRDDWrq_yGSn0,Tempelhof_1_4,ARSLAN DÖNER,52.44652989999999,13.3719454,4.4,restaurant,"Gersdorfstraße 42, Berlin"
ChIJ67NlQUxFqEcR-50ZMwmZE7Q,Tempelhof_1_4,Piccola Roma,52.4449993,13.3747241,3.9,meal_delivery,"Kaiserstraße 5, Berlin"
ChIJpwCVbABFqEcRxlfmHZNfsF8,Tempelhof_1_4,Café Convivialità,52.4446636,13.3721785,4.7,restaurant,"Kaiserstraße 145, Berlin"
ChIJ24WMbk5FqEcRC1blb1ARrI4,Tempelhof_1_5,Aristoteles Restaurant,52.4466985,13.3789964,4.2,restaurant,"Königstraße 44, Berlin-Bezirk Tempelhof-Schöneberg"
ChIJHbWFy0FFqEcR0kizwzYHSO8,Tempelhof_1_5,Simo Smash Burger,52.4455287,13.3799849,4.4,restaurant,"Kaiserstraße 123, Berlin-Bezirk Tempelhof-Schöneberg"
ChIJIYaKk05FqEcRCNxFFX0HfI4,Tempelhof_1_5,Ristorante La Piazza,52.4448229,13.3781786,4.5,restaurant,"Riegerzeile 1, Berlin-Bezirk Tempelhof-Schöneberg"
ChIJ5eJfBVs7ZUER7pViKMhdA0k,Tempelhof_1_6,Remise No. 1,52.4444986,13.3854179,3.9,night_club,"Mariendorfer Damm 90, Berlin-Bezirk Tempelhof-Schöneberg"
ChIJNe78j09FqEcRtjypN3HcnzE,Tempelhof_1_6,Tiamo,52.44566649999999,13.3843135,4.2,meal_delivery,"Kaiserstraße 112, Berlin"
ChIJlcmnpAdFqEcRlJa-bTm6vnA,Tempelhof_1_6,Falafel & Kebab Kultur,52.44573070000001,13.3851289,4.9,restaurant,"Kaiserstraße 109, Berlin-Bezirk Tempelhof-Schöneberg"
ChIJvyrgPbpFqEcRbV7VGib32oM,Tempelhof_1_6,Bierstübl,52.4450176,13.3855875,4.0,bar,"Mariendorfer Damm 86, Berlin"
ChIJI18v-k9FqEcRcVKty3_femY,Tempelhof_1_6,Basileus Pizza & Döner,52.44714079999999,13.3851915,4.6,meal_takeaway,"Mariendorfer Damm 62, Berlin-Bezirk Tempelhof-Schöneberg"
ChIJ4Q2MabRFqEcR70T1QOoJiRM,Tempelhof_1_6,Balkan Grillhaus,52.44478179999999,13.385679,4.6,restaurant,"Mariendorfer Damm 90, Berlin-Bezirk Tempelhof-Schöneberg"
ChIJpeehloZFqEcRwsFvFYj8B88,Tempelhof_1_6,Phan Kitchen,52.4451022,13.386148,4.5,restaurant,"Mariendorfer Damm 85, Berlin"
ChIJpzC8bkVFqEcR_aoXP4liH2U,Tempelhof_1_7,Curry Kiste,52.4457984,13.3867052,4.6,meal_takeaway,"Westphalweg 46, Berlin"
ChIJdewa6ERFqEcR3gEUleTgbgI,Tempelhof_1_7,Bei Radi,52.4458355,13.3899915,4.7,restaurant,"Westphalweg 28, Berlin-Bezirk Tempelhof-Schöneberg"
ChIJ11Q6xlZFqEcR2frNZ4lf_kI,Tempelhof_1_7,Arona Mini Pizza U-Bhf Westphalweg,52.44580020000001,13.3866155,4.1,meal_takeaway,"Mariendorfer Damm 77, Berlin"
ChIJKRgGuchLqEcR8nRbCvHLX8M,Tempelhof_1_8,Ristorante Sempre,52.4474065,13.392797,4.3,restaurant,"Eisenacher Straße 19, Berlin-Bezirk Tempelhof-Schöneberg"
ChIJ10N6Pl1FqEcRW-MzVLkfu5w,Tempelhof_1_9,Kitane Berlin-Trade4You,52.4472482,13.3989838,4.6,bakery,"Eisenacher Straße 51, Berlin-Bezirk Tempelhof-Schöneberg"
ChIJP5Pm72dFqEcR0vBhjV5FT6Q,Tempelhof_1_10,Restaurant Split in Berlin,52.44650619999999,13.4021977,4.4,restaurant,"Rixdorfer Straße 89, Berlin-Bezirk Tempelhof-Schöneberg"
ChIJcW9n8mdFqEcRMdC9uGXxrpI,Tempelhof_1_10,Michelangelo,52.4470361,13.4017191,4.3,restaurant,"Rixdorfer Straße 86, Berlin-Bezirk Tempelhof-Schöneberg"
ChIJKUNHOQBFqEcREIQSi3lt7MA,Tempelhof_1_10,Gandhi Afghandarbar,52.44672749999999,13.4019777,,restaurant,Berlin-Tempelhof-Schöneberg
ChIJJV9643pFqEcRxlSDTnj1YSE,Tempelhof_1_12,Guter Wille Pascham,52.44604959999999,13.4164253,4.4,bar,"Kol.Guter Wille 1, Berlin-Bezirk Neukölln"
ChIJGSHl3YNFqEcRz8qRfFjx7sg,Tempelhof_2_6,Kurfürstenstraße,52.4486043,13.3847208,,restaurant,"Mariendorfer Damm 46, Berlin"
ChIJUQC2kepFqEcR1C-6N__jvok,Tempelhof_2_6,Marie Döner,52.4486307,13.384942,4.9,restaurant,"Mariendorfer Damm 46, Berlin"
ChIJSyZUHf1FqEcREm1Jq4FFLGk,Tempelhof_2_6,Loco Chicken Mariendorf,52.4484791,13.3848748,4.5,meal_takeaway,"Mariendorfer Damm 48, Berlin"
ChIJYVq_xrlFqEcRS0uHEwmAHmQ,Tempelhof_2_6,Bistoun Restaurant,52.45034570000001,13.384598,4.6,cafe,"Mariendorfer Damm 30, Berlin-Bezirk Tempelhof-Schöneberg"
ChIJbQs7CrFFqEcRBcqDvBpw2AI,Tempelhof_2_6,Imeri's Balkan Burek,52.4483617,13.385459,4.9,restaurant,"Mariendorfer Damm 49, Berlin-Bezirk Tempelhof-Schöneberg"
ChIJUYUs0FpFqEcRMPsKxcZfZrs,Tempelhof_2_7,Ristorante La Piccola Cantina,52.44768,13.38905,4.8,restaurant,"Eisenacher Straße 8, Berlin-Bezirk Tempelhof-Schöneberg"
ChIJe3vPSJZFqEcR_0aDk8YeB4A,Tempelhof_2_10,EAT HAPPY,52.44785700000001,13.4046399,,meal_takeaway,"Rixdorfer Straße 67-69, Berlin"
ChIJxxt25SZFqEcRPvc4vesx6_o,Tempelhof_2_11,Zum fliegenden Matrosen,52.4509644,13.4085265,4.4,bar,"Rixdorfer Straße 31-89, Berlin"
ChIJFS4nsK1aqEcR3YOAcMaqA-M,Tempelhof_3_3,Bergterrasse Marienhöhe,52.45209,13.36739,4.0,restaurant,"Marienhöher Weg 30, Berlin"
ChIJIV9tw6xaqEcRm1PUtuldJEI,Tempelhof_3_3,Pizzeria Gatto Nero,52.45264459999999,13.3712604,4.5,restaurant,"Attilastraße 20, Berlin-Bezirk Tempelhof-Schöneberg"
ChIJac64x1NFqEcRSXHq3ag0450,Tempelhof_3_5,Restaurant Arkade,52.4518233,13.3786899,4.4,restaurant,"Rathausstraße 100, Berlin-Bezirk Tempelhof-Schöneberg"
ChIJ2WmY0FBFqEcRoW6MXf-2eY8,Tempelhof_3_6,Imbiss Tang,52.45237720000001,13.3851744,4.9,restaurant,"Mariendorfer Damm 5, Berlin-Bezirk Tempelhof-Schöneberg"
ChIJzQBl11BFqEcR1FYpcgefo7o,Tempelhof_3_6,Cafe Ullstein,52.45246549999999,13.3839507,4.5,cafe,"Ullsteinstraße 141A, Berlin-Bezirk Tempelhof-Schöneberg"
ChIJ_-F6fdpFqEcRuqAFK55yv8o,Tempelhof_3_6,Aitme,52.4530317,13.3847614,3.0,restaurant,"Ullsteinstraße 114-142, Berlin-Bezirk Tempelhof-Schöneberg"
ChIJ9RM721BFqEcRAYdWalK6YtI,Tempelhof_3_6,Q1 Tankstelle,52.45189999999999,13.385,4.4,gas_station,"Mariendorfer Damm 11-13, Berlin"
ChIJHeF9dalUqEcRTwFvajc8Eoo,Tempelhof_3_6,Café-Restaurant Rudi & Rosa,52.4541164,13.3817503,4.0,restaurant,"Viktoriastraße 10-18, Berlin-Bezirk Tempelhof-Schöneberg"
ChIJiaLQIXtFqEcRpR6xoeNOH1Y,Tempelhof_3_7,Mittagsrestaurant - Kaffeebar- Events Ulle,52.4536063,13.3863584,3.6,restaurant,"Mariendorfer Damm 1, Berlin"
ChIJLbiXDQBFqEcRW7PCton8QWk,Tempelhof_3_13,Kalazan Döner,52.45305479999999,13.421678,3.7,restaurant,"Gradestraße 100, Berlin"
ChIJc-kbVpRFqEcRqNxha0RRY_Y,Tempelhof_3_13,Kantine Sorgenfrei e.V,52.4511896,13.4186169,4.8,restaurant,"Unnamed Road, Berlin"
ChIJpRaRwFRFqEcRGyJgS-Nx7gw,Tempelhof_4_4,Selfie Lounge,52.4554683,13.3759902,4.5,bar,"Attilastraße 175, Berlin-Bezirk Tempelhof-Schöneberg"
ChIJ8_0ZT1RFqEcRYp7RhMJPsLA,Tempelhof_4_5,Rose Grillhaus,52.45587239999999,13.3805193,4.4,meal_takeaway,"Friedrich-Karl-Straße 17, Berlin"
ChIJmfbhSVRFqEcRkVUgU8DiYpw,Tempelhof_4_5,Rose Imbiss,52.4558814,13.3805009,,restaurant,"Friedrich-Karl-Straße 19, Berlin-Bezirk Tempelhof-Schöneberg"
ChIJN51agVZFqEcRYfyTY-vgaU0,Tempelhof_4_6,Pizza Max Berlin Tempelhof,52.45570069999999,13.3826799,2.7,meal_delivery,"Friedrich-Karl-Straße 5, Berlin-Bezirk Tempelhof-Schöneberg"
ChIJmecDY1ZFqEcRngLbReFR6XQ,Tempelhof_4_6,Libanon Snack,52.4561327,13.3836645,4.6,restaurant,"Tempelhofer Damm 222, Berlin-Bezirk Tempelhof-Schöneberg"
ChIJh5QVcVZFqEcRaVxgCcOljBc,Tempelhof_4_6,Aaina Tempelhof | Indisches Restaurant | Cocktailbar,52.4568526,13.3835245,4.6,bar,"Tempelhofer Damm 216, Berlin-Bezirk Tempelhof-Schöneberg"
ChIJmY448lZFqEcReTYuqztHXxk,Tempelhof_4_6,Asia Food Ha Linh,52.45527509999999,13.3844375,4.1,restaurant,"Tempelhofer Damm 227, Berlin-Bezirk Tempelhof-Schöneberg"
ChIJgQbOCVZFqEcR-LFdNs3XnYQ,Tempelhof_4_6,Domino's Pizza Berlin Tempelhof,52.4578105,13.3838158,3.2,restaurant,"Tempelhofer Damm 206, Berlin-Bezirk Tempelhof-Schöneberg"
ChIJGxnE5VZFqEcRQy-T4xNWoNw,Tempelhof_4_6,the BurgerBar,52.45486810000001,13.3847133,4.4,bar,"Tempelhofer Damm 227, Berlin"
ChIJebDQ5FZFqEcR-lWInZMAdqk,Tempelhof_4_6,Fischrestaurant Marti,52.4550962,13.3852855,4.2,restaurant,"Fischrestaurant Marti, Tempelhofer Damm 227, Berlin"
ChIJURVJC1ZFqEcRUdfrUEvxsZQ,Tempelhof_4_6,Ji Amma | Tempelhof,52.45718599999999,13.3837382,4.3,bar,"Tempelhofer Damm 214, Berlin-Bezirk Tempelhof-Schöneberg"
ChIJB3zXilZFqEcRQC8WA8qbFIY,Tempelhof_4_6,Café LebensArt am Tempelhofer Hafen,52.4555058,13.3859848,3.9,cafe,"Tempelhofer Damm 227-235, Berlin"
ChIJq5MacFZFqEcRTQcE0KErNJY,Tempelhof_4_6,Ta Dio Aderfia,52.4564973,13.3835926,4.5,restaurant,"Tempelhofer Damm 218, Berlin-Bezirk Tempelhof-Schöneberg"
ChIJB3zXilZFqEcRvK9DYrAlSqM,Tempelhof_4_6,Subway,52.455507,13.384703,3.9,meal_takeaway,"Tempelhofer Damm 227, Berlin-Bezirk Tempelhof-Schöneberg"
ChIJvegxcABFqEcRWQKKCJ4K62c,Tempelhof_4_6,GOOD AROMA,52.4563898,13.3835422,4.7,restaurant,"Tempelhofer Damm 220, Berlin"
ChIJd2IKEX1FqEcRQm8GuueMQCw,Tempelhof_4_6,Beyaz Saray Sofrasi Berlin,52.4560105,13.3842123,4.4,meal_takeaway,"Tempelhofer Damm 219, Berlin"
ChIJHWXocEVFqEcR8xX-R7kpwg0,Tempelhof_4_6,Aroii Thai Kitchen Berlin,52.45570659999999,13.3820551,4.7,restaurant,"Friedrich-Karl-Straße 9, Berlin"
ChIJwxCwHwBQqEcRwdXOPoy5GTw,Tempelhof_4_6,Columbus Croque Berlin,52.45722600000001,13.384336,4.0,meal_delivery,"Tempelhofer Damm 211, Berlin"
ChIJXysxclpFqEcRHXsbeGyVdQw,Tempelhof_4_6,Musti’s Gemüse Döner,52.4548741,13.3838292,4.0,restaurant,"Tempelhofer Damm 232, Berlin"
ChIJMa4sv8VFqEcRAAbU1QGZlCY,Tempelhof_4_6,Albayt Aldimashki,52.45484889999999,13.3835975,4.5,restaurant,"Tempelhofer Damm 232, Berlin"
ChIJE2q5EVZFqEcRNzft5zkuOWE,Tempelhof_4_6,Long,52.4576398,13.3844064,4.3,restaurant,"Tempelhofer Damm 205, Berlin-Bezirk Tempelhof-Schöneberg"
ChIJ-UOAxlVFqEcR2C-FXi9hGBk,Tempelhof_4_6,Lauretta,52.4570675,13.3814297,4.5,cafe,"Burgemeisterstraße 74, Berlin-Bezirk Tempelhof-Schöneberg"
ChIJF8m42WRFqEcRTyYoF6qDWIs,Tempelhof_4_6,Dosa and More,52.4578103,13.3838086,4.6,cafe,"Spice Village, Tempelhofer Damm 206, Berlin"
ChIJea8A4spFqEcRnB3x1SN7oIg,Tempelhof_4_6,Menemen Haus,52.45479839999999,13.3845128,2.8,restaurant,"Tempelhofer Damm 227, Berlin"
ChIJF-XRPQBFqEcRtjozkSdJy10,Tempelhof_4_6,Muri's Hafenimbiss,52.4546778,13.3845207,4.5,meal_takeaway,"Tempelhofer Damm 227, Berlin"
ChIJ8TXgBVZFqEcRLlga1J0U8zg,Tempelhof_4_6,Polat Döneria,52.4580122,13.3839769,4.7,meal_takeaway,"Tempelhofer Damm 204, Berlin"
ChIJEQ9zNVZFqEcRiM6kNXzQ9EQ,Tempelhof_4_7,Casa Nuova,52.4570076,13.3866462,4.6,restaurant,"Wenckebachstraße 15, Berlin-Bezirk Tempelhof-Schöneberg"
ChIJu2tZKrpFqEcRveymzXksXWA,Tempelhof_4_7,EAT HAPPY,52.454852,13.3874293,5.0,meal_takeaway,"Tempelhofer Damm 227, Berlin"
ChIJc1TddopPqEcRvedmtuwyqvA,Tempelhof_4_11,Eis Engelchen GmbH,52.45578,13.41069,4.9,store,"Gottlieb-Dunkel-Straße 42, Berlin-Bezirk Tempelhof-Schöneberg"
ChIJk7SQvKlPqEcRagYhyfASl94,Tempelhof_4_11,Fairuz Snack,52.4564866,13.4112369,5.0,restaurant,"Gottlieb-Dunkel-Straße 44, Berlin"
ChIJl9VBAmJFqEcRhy1LtVV7oyA,Tempelhof_4_12,"Vereinsheim Kolonie "" Frieden """,52.45481509999999,13.4129275,,bar,"Kolonie Frieden Neuer Weg 33, Berlin-Bezirk Tempelhof-Schöneberg"
ChIJF4b1HUpPqEcRmGkwdVKpTus,Tempelhof_4_13,cookoon,52.45527999999999,13.41854,4.3,restaurant,"Saalburgstraße 4, Berlin"
ChIJSyUoaqdaqEcR-LFmwmEHRVY,Tempelhof_5_1,South Beer Garden,52.46083600000001,13.356189,3.7,bar,"Priesterweg 10, Berlin-Bezirk Tempelhof-Schöneberg"
ChIJJ_2MOKhaqEcRQkJzHUylKBs,Tempelhof_5_2,Trattoria Da Pizzo,52.459656,13.3635607,4.4,restaurant,"Eythstraße 45, Berlin"
ChIJkyjQpQBQqEcRKFIOSxLJtxQ,Tempelhof_5_3,Blanke Helle,52.4603809,13.3707031,4.1,restaurant,"Kaiserin-Augusta-Straße 44, Berlin-Bezirk Tempelhof-Schöneberg"
ChIJ7eU5egBQqEcRhtLfFSry5cc,Tempelhof_5_4,Konoba,52.46014749999999,13.3739121,4.5,restaurant,"Kaiserin-Augusta-Straße 52, Berlin-Bezirk Tempelhof-Schöneberg"
ChIJN80uwKpaqEcRRoBP6Z3bBpk,Tempelhof_5_4,Attila,52.4582043,13.3739144,4.7,restaurant,"Burgemeisterstraße 32-34, Berlin-Bezirk Tempelhof-Schöneberg"
ChIJ7dbPcf9PqEcRaXtmWRXjrBg,Tempelhof_5_5,Blumenthal-Eck,52.45976109999999,13.3813546,4.5,bar,"Blumenthalstraße 12, Berlin-Bezirk Tempelhof-Schöneberg"
ChIJgzKRb3hRqEcR9WCcYxC0aUY,Tempelhof_5_5,ÖZ DİYAR GRİLL HAUS,52.4593512,13.3768884,4.6,restaurant,"Manteuffelstraße 46 B, Berlin"
ChIJD3RQeF1FqEcRWsJhaTBuIPQ,Tempelhof_5_5,Tac Grill,52.4593775,13.3766464,4.8,restaurant,"Manteuffelstraße 46, Berlin"
ChIJe_2yHABFqEcRsVNyeg8LmFY,Tempelhof_5_5,Trattoria da Nicoletta Ristorante,52.4585591,13.3788897,4.5,restaurant,"Friedrich-Wilhelm-Straße 68, Berlin"
ChIJtXQdq_hPqEcRroHBfGzLGKo,Tempelhof_5_6,Viet-Cocos,52.4587819,13.3839374,3.6,restaurant,"Tempelhofer Damm 198-200, Berlin"
ChIJxanJVP9PqEcRjgMI6aHtdZk,Tempelhof_5_6,Polnisches Bistro Berlin,52.4586487,13.3839068,4.3,meal_delivery,"Tempelhofer Damm 200, Berlin"
ChIJK0FbA1ZFqEcRivpm8uDxcMI,Tempelhof_5_6,Meyman Gourmet,52.4584093,13.3845087,4.6,restaurant,"Tempelhofer Damm 201, Berlin"
ChIJoSXpUv9PqEcREC2RB2Xtdco,Tempelhof_5_6,Café Pausini,52.4592331,13.3838163,4.6,cafe,"Kaiserin-Augusta-Straße 78, Berlin-Bezirk Tempelhof-Schöneberg"
ChIJRcgAZ_9PqEcRY423WAl9tN0,Tempelhof_5_6,Tonsai,52.4594338,13.3819884,4.5,restaurant,"Kaiserin-Augusta-Straße 73, Berlin"
ChIJv6A3U6lPqEcRf3XLZv6Qxd4,Tempelhof_5_6,Ye-Mc Döner Kebap,52.45996239999999,13.3842669,4.9,restaurant,"Tempelhofer Damm 188, Berlin"
ChIJ9QxixElPqEcRRHLDLWHyMyQ,Tempelhof_5_6,Bistro Rose,52.45898649999999,13.3841173,4.5,restaurant,"Tempelhofer Damm 196, Berlin-Bezirk Tempelhof-Schöneberg"
ChIJS14nrvhPqEcRm7dWUTR3h_Q,Tempelhof_5_6,EGE Gemüse Kebab,52.45916769999999,13.384719,4.8,restaurant,"Tempelhofer Damm 193, Berlin-Bezirk Tempelhof-Schöneberg"
ChIJU-9ZY2NPqEcRML6ur4dupy0,Tempelhof_5_6,No name,52.45873880000001,13.3846281,,restaurant,"Tempelhofer Damm 197, Berlin"
ChIJ4ZXyi1VFqEcRFcHrPjq92MA,Tempelhof_5_6,Vanille & Marille Tempelhof,52.45859549999999,13.3813258,4.6,restaurant,"Friedrich-Wilhelm-Straße 22, Berlin-Bezirk Tempelhof-Schöneberg"
ChIJo0fHxPdPqEcRxZumK8lsQlo,Tempelhof_5_8,Fadi Food,52.4582185,13.3938312,4.3,restaurant,"Ordensmeisterstraße 42, Berlin"
ChIJX-Jc4vZPqEcRrjC_HT3YQgo,Tempelhof_5_9,Gaststätte Albrechtshöhe,52.4607729,13.3965641,4.3,restaurant,"Felixstr, Koseler Weg 59, Berlin"
ChIJDS7gBgBPqEcR9f9tUgFuYz8,Tempelhof_5_9,The Fresh Flavours,52.4583793,13.398545,4.6,restaurant,"Komturstraße 18B, Berlin"
ChIJo8L-MQBPqEcRT_ZdKPBXINI,Tempelhof_5_11,Elif Döner,52.4594649,13.4068408,5.0,restaurant,"Teilestraße 11-16, Berlin"
ChIJo7zHPgBPqEcR7zou04oNzIU,Tempelhof_5_13,Lotus vn Restaurant,52.4600917,13.4197455,4.7,restaurant,"Tempelhofer Weg 3, Berlin"
ChIJUzSIzI5PqEcRlo_iAVm98vA,Tempelhof_5_13,Bistro - Bar - Lounge,52.4602745,13.4179953,4.1,restaurant,"Gottlieb-Dunkel-Straße 59, Berlin-Bezirk Tempelhof-Schöneberg"
ChIJaTKLDfZPqEcRqkyQ-E1QShs,Tempelhof_5_13,Döner,52.46031459999999,13.4179873,3.3,restaurant,"Gottlieb-Dunkel-Straße 63, Berlin"
ChIJh0E3SjlPqEcRxUPM8VMzBuQ,Tempelhof_5_13,Cafe Bergholz,52.458167,13.4200097,3.9,cafe,"Bergholzstraße 2, Berlin-Bezirk Tempelhof-Schöneberg"
ChIJXXGutD5PqEcRw_Rwd_iBvzY,Tempelhof_5_14,Hertel Hähnchen,52.4584357,13.4252151,3.3,restaurant,"Tempelhofer Weg 9-11, Berlin"
ChIJa1EldrRRqEcR0Ya4nmCFUW4,Tempelhof_6_3,Comy Asian Food,52.4623291,13.3678139,3.9,restaurant,"Bessemerstraße 57-75, Berlin-Bezirk Tempelhof-Schöneberg"
ChIJh2cEvZZRqEcRfcMTuFp1Sgw,Tempelhof_6_3,Street Food King,52.46232969999999,13.3669739,4.0,restaurant,"Bessemerstraße 57-75, Berlin-Bezirk Tempelhof-Schöneberg"
ChIJu_fMzgZQqEcRqwVjyqR2h4I,Tempelhof_6_3,Alboin Bistro,52.46389190000001,13.3702892,4.3,restaurant,"Alboinstraße 71, Berlin-Bezirk Tempelhof-Schöneberg"
ChIJtyZ-0AFQqEcRFg8q4ZX6gUA,Tempelhof_6_5,Bose Eck,52.4627359,13.3773627,4.6,bar,"Manteuffelstraße 59, Berlin-Bezirk Tempelhof-Schöneberg"
ChIJ8U2GPzZRqEcRUHrTVhcGcRc,Tempelhof_6_5,Queen's Cafe Bar Lounge,52.4635331,13.3769537,4.0,cafe,"Manteuffelstraße 11, Berlin-Bezirk Tempelhof-Schöneberg"
ChIJE_9BYY9PqEcRF41eUi4CZrs,Tempelhof_6_5,Namaste Italia,52.4627861,13.3804252,4.9,restaurant,"Bosestraße 3-6, Berlin"
ChIJN5Vf9QFQqEcRYYw6XAvEyKE,Tempelhof_6_5,Shell,52.46469889999999,13.3771536,2.9,gas_station,"Manteuffelstraße 6, Berlin"
ChIJERO7qP5PqEcRzcvIOd9bZQU,Tempelhof_6_6,Imbiss am Park,52.4635987,13.3852533,4.8,meal_takeaway,"Tempelhofer Damm 160, Berlin-Bezirk Tempelhof-Schöneberg"
ChIJe2Xwx7VPqEcRLrIronIqg3o,Tempelhof_6_6,Kaffeekirsche Roastery Tempelhofer Damm,52.4637207,13.3852617,4.4,department_store,"Tempelhofer Damm 160, Berlin"
ChIJNdBRSVxPqEcR46kGGOKUJ5Y,Tempelhof_6_9,Burger Promenade,52.464128,13.400487,4.6,meal_delivery,"Germaniastraße 134, Berlin"
ChIJPRO1CldPqEcRgkZOgTEaJCw,Tempelhof_6_9,Goldener Teller,52.4647414,13.3972993,4.3,restaurant,"Germaniastraße 18, Berlin"
ChIJtaUDKYxPqEcREb5NgbN7OZQ,Tempelhof_6_12,Trattoria Geppetto,52.4625196,13.4163444,3.1,restaurant,"Bacharacher Straße 31, Berlin-Bezirk Tempelhof-Schöneberg"
ChIJ4YWjT4VPqEcRj2lakj-ushk,Tempelhof_6_14,PAULS Restaurant am Sunpark (Neukölln),52.46401160000001,13.4262468,3.7,restaurant,"Mariendorfer Weg 22, Berlin-Bezirk Neukölln"
ChIJ68zTQQJQqEcRtG4Q8Pp3Lx0,Tempelhof_7_5,Berlinicke Stuben,52.46637519999999,13.3776735,4.7,bar,"Manteuffelstraße 1, Berlin-Bezirk Tempelhof-Schöneberg"
ChIJ489PQQJQqEcRbGgZGGB_y5s,Tempelhof_7_5,Kirsch & caramel,52.4662111,13.3776349,4.4,cafe,"Manteuffelstraße 1-2, Berlin-Bezirk Tempelhof-Schöneberg"
ChIJUXNRf1cjZUER9QMjXMtL7u8,Tempelhof_7_5,Alte Dorfecke,52.4657479,13.3779804,4.4,restaurant,"Alt-Tempelhof 61, Berlin-Bezirk Tempelhof-Schöneberg"
ChIJ384UpZ5PqEcRvW6eID4uXaY,Tempelhof_7_5,Apna Majha,52.4656211,13.3800518,4.8,restaurant,"Alt-Tempelhof 51, Berlin"
ChIJ-QMaq5tRqEcR8gxS5rtaRQI,Tempelhof_7_5,Döner Welt & Hähnchen König,52.46803959999999,13.3770837,3.7,restaurant,"Schöneberger Straße 7, Berlin-Bezirk Tempelhof-Schöneberg"
ChIJ4dfwcaxRqEcR1wcybuXmAgo,Tempelhof_7_5,Asia Bistro,52.46803959999999,13.3770837,3.0,restaurant,"Schöneberger Straße 7, Berlin-Bezirk Tempelhof-Schöneberg"
ChIJr9oG9_xPqEcRcmR1CMps3mU,Tempelhof_7_6,Bambusstäbchen Tempelhof,52.46667569999999,13.3850792,4.4,restaurant,"Tempelhofer Damm 140, Berlin-Bezirk Tempelhof-Schöneberg"
ChIJ7ReI3fxPqEcRAsbPr2hZIvY,Tempelhof_7_6,Yoko Sushi Lieferservice Tempelhof - Kreuzberg,52.46796,13.38518,3.3,restaurant,"Tempelhofer Damm 128, Berlin-Bezirk Tempelhof-Schöneberg"
ChIJvW4UuVkjZUERdcnR_fLjDHY,Tempelhof_7_6,Amera,52.4672963,13.3824459,4.7,restaurant,"Borussiastraße 62, Berlin-Bezirk Tempelhof-Schöneberg"
ChIJARYRWfxPqEcRnm5wyrVFaKg,Tempelhof_7_6,Risa Chicken,52.46635,13.38521,4.7,restaurant,"Tempelhofer Damm 144, Berlin-Bezirk Tempelhof-Schöneberg"
ChIJjW9bSfxPqEcRpaXVOsDT9c4,Tempelhof_7_6,Nuova Mirabella,52.46549510000001,13.3838742,4.5,restaurant,"Alt-Tempelhof 27, Berlin-Bezirk Tempelhof-Schöneberg"
ChIJme7MeHRPqEcRibDTYz9uamY,Tempelhof_7_6,Hiram Café,52.46615990000001,13.3840018,4.5,cafe,"Alt-Tempelhof 28, Berlin"
ChIJaQlEmW1PqEcRLMQkTCniLNU,Tempelhof_7_6,Mmaah! - Eat Korean,52.4661967,13.3849708,4.7,restaurant,"Alt-Tempelhof 22, Berlin"
ChIJqUZ2UD1PqEcRpsisCg-AqIU,Tempelhof_7_6,Pizzeria Alte Forno,52.466981,13.3851862,3.7,restaurant,"Tempelhofer Damm 138, Berlin-Bezirk Tempelhof-Schöneberg"
ChIJY8biYfpPqEcRSIJBDEutFwo,Tempelhof_7_6,Gevrek,52.46633569999999,13.3852739,4.2,restaurant,"Tempelhofer Damm 144, Berlin"
ChIJo_izwMdPqEcRu7kM6jj-0So,Tempelhof_7_6,GRILL MEISTER BERLIN,52.46553660000001,13.3837533,4.3,restaurant,"Alt-Tempelhof 27, Berlin"
ChIJXUndbBtPqEcRGhHfB3SUXdA,Tempelhof_7_6,Balli Döner,52.4659691,13.3852214,4.2,restaurant,"Alt-Tempelhof 21, Berlin-Bezirk Tempelhof-Schöneberg"
ChIJ6WQWQgBPqEcRKs25_W8pheE,Tempelhof_7_6,Balli Asia,52.46594640000001,13.3852308,4.6,restaurant,"Alt-Tempelhof 21, Berlin"
ChIJl9KCj7lPqEcRgWpzElInufM,Tempelhof_7_6,JUMBO GEMÜSE Döner,52.46564770000001,13.385048,4.6,restaurant,"Alt-Tempelhof 21, Berlin"
ChIJYxPTZvxPqEcR59Lh7TT9QFU,Tempelhof_7_6,Balli Burger,52.46636110000001,13.3860077,4.1,restaurant,"Tempelhofer Damm 143, Berlin-Bezirk Tempelhof-Schöneberg"
ChIJO1BqlDhPqEcRv_qPr6JeI8A,Tempelhof_7_6,GoDumpling,52.4679059,13.3852519,5.0,restaurant,"Tempelhofer Damm 128, Berlin"
ChIJT9jgdqJPqEcREJyag3G_XS8,Tempelhof_7_6,Öz Birecik Kebap & Lahmacun Salonu,52.4680893,13.385134,4.2,restaurant,"Tempelhofer Damm 126, Berlin"
ChIJU41RVwBPqEcRr6t_3jdV2co,Tempelhof_7_6,Imren Grill,52.46809109999999,13.385208,4.3,restaurant,"Tempelhofer Damm 126, Berlin"
ChIJXSNqAE9PqEcRa3a8XREC1vA,Tempelhof_7_7,Fam Food Imbiss,52.4656038,13.3903632,5.0,restaurant,"Germaniastraße 3, Berlin"
ChIJPYZ-3_pPqEcRzF7HtSkQFi4,Tempelhof_7_8,A & M Gastronomie Betriebsgesellschaft mbH & Co. KG,52.4673644,13.3919727,5.0,restaurant,"Ringbahnstraße 22-30, Berlin"
ChIJ2S5ngvBPqEcRQZb6YmlSnPI,Tempelhof_7_8,Birecik Döner Kebap,52.46512749999999,13.3947631,3.8,restaurant,"Felixstraße 6, Berlin-Bezirk Tempelhof-Schöneberg"
ChIJ_8i7pJFPqEcRxmFgAssALik,Tempelhof_7_13,Taverna Olympia,52.4672572,13.4213978,4.6,restaurant,"Emser Straße 73, Berlin-Bezirk Neukölln"
ChIJU9PUoJpPqEcR37kxpbfbhco,Tempelhof_7_14,Arabic Diner AKRAM,52.46561999999999,13.4261,4.3,restaurant,"Silbersteinstraße 115, Berlin"
ChIJ2YNlJZBPqEcRQtgAv2oQFhI,Tempelhof_7_14,Stern Cafe,52.4655225,13.4229808,4.8,cafe,"Silbersteinstraße 140, Berlin-Bezirk Neukölln"
ChIJASyM2npRqEcRx8JdSuxyf7o,Tempelhof_8_2,Raststätte,52.47129899999999,13.3651901,4.6,cafe,"Geneststraße 5, Berlin-Bezirk Tempelhof-Schöneberg"
ChIJf9-oLopRqEcRFl4j_XIMrCA,Tempelhof_8_3,Extrawurst,52.4693374,13.3686398,4.3,meal_takeaway,"Alboinstraße 20, Berlin"
ChIJa9MhQT1RqEcR0ehkecCSwe8,Tempelhof_8_3,IKEA Restaurant Berlin-Tempelhof,52.4700968,13.3667397,4.0,restaurant,"Sachsendamm 47, Berlin"
ChIJ149btFJRqEcRw2Uwe6sDMhc,Tempelhof_8_3,REWE To Go bei Aral,52.4698348,13.3709645,4.4,supermarket,"Aral, Schöneberger Straße 7, Berlin"
ChIJLydVXgBRqEcR04txyu7VF3w,Tempelhof_8_3,L'Osteria,52.4685703,13.3676714,4.8,restaurant,"Alboinstraße 20, Berlin"
ChIJe6PwwgRQqEcRXxsK5Cw8KrQ,Tempelhof_8_4,McDonald's,52.4696482,13.3712811,3.5,restaurant,"Alboinstraße 4, Berlin-Bezirk Tempelhof-Schöneberg"
ChIJ21XG2-JPqEcRuIGPrdiKx_A,Tempelhof_8_6,Trattoria Toscana,52.4714308,13.3851162,4.3,restaurant,"Tempelhofer Damm 104, Berlin"
ChIJ0_4U5uJPqEcRII2WLgu9XpQ,Tempelhof_8_6,Mc Kebap,52.4708938,13.3850224,3.8,restaurant,"Tempelhofer Damm, Berlin"
ChIJV3Jw6OJPqEcR41CfAWWBP8M,Tempelhof_8_6,Le Crobag,52.470837,13.385212,3.7,bakery,"Tempelhofer Damm 108, Berlin"
ChIJv5mAyDdPqEcRPBX7xQ71CNg,Tempelhof_8_6,Lodos Bistro,52.47099069999999,13.3851172,1.8,restaurant,"Tempelhofer Damm 104, Berlin-Bezirk Tempelhof-Schöneberg"
ChIJewZdyUFPqEcR_tzWNIL57UM,Tempelhof_8_6,Bougie Burger,52.4711454,13.3850874,4.9,restaurant,"Tempelhofer Damm 106, Berlin"
ChIJu_UOk-JPqEcR2Gj_NcJx-es,Tempelhof_8_6,Mama Vegan,52.4687332,13.3852261,4.8,restaurant,"Tempelhofer Damm 122, Berlin-Bezirk Tempelhof-Schöneberg"
ChIJ6RCNET1PqEcRzZCbkg7jO44,Tempelhof_8_6,Karagözlüm Restaurant,52.46919699999999,13.3859805,4.8,restaurant,"Tempelhofer Damm 119, Berlin"
ChIJR1HKr9JPqEcRlInC-wTrqF0,Tempelhof_8_13,Eis Don Mauro Tempelhofer Feld,52.47078339999999,13.4208538,4.9,restaurant,"Oderstraße 22, Berlin"
ChIJx_0fypBPqEcR5odMNUDq8kM,Tempelhof_8_14,Café Plume,52.4696791,13.4257899,4.5,cafe,"Warthestraße 60, Berlin-Bezirk Neukölln"
ChIJWzVOyd1RqEcR_BpNGk1vioU,Tempelhof_9_1,Restaurant Kochmütze,52.4749254,13.3565114,3.9,restaurant,"Sachsendamm 20, Berlin-Bezirk Tempelhof-Schöneberg"
ChIJwVe8IwBRqEcRVECwQ2r2yko,Tempelhof_9_1,La Taperia,52.4727549,13.3558657,5.0,restaurant,"Vorarlberger Damm 37, Berlin"
ChIJXxOfWwBPqEcRFfzyRpFs8yk,Tempelhof_9_7,Café und Biergarten am Luftschloss,52.4735583,13.387685,4.0,bar,"Tempelhofer Damm 85, Berlin"
ChIJZ1tmcZxPqEcRztg90fl0mWg,Tempelhof_9_7,Kopf & Gaumen - veganer Döner auf dem Tempelhofer Feld,52.4720729,13.3886182,5.0,meal_takeaway,Berlin
ChIJy1pPKABPqEcRO-ZDq44Yd8Q,Tempelhof_9_7,"49 Grad - Burger, Pommes, Currywurst",52.47203570000001,13.3877267,3.0,meal_takeaway,Berlin
ChIJXV3WdABPqEcR3_Z8QR00hvQ,Tempelhof_9_14,Sugo,52.473803,13.4236625,4.9,restaurant,"Okerstraße 35, Berlin-Bezirk Neukölln"
ChIJWcbyHYNPqEcRSYSTbWB_BPY,Tempelhof_9_14,Bisou Berlin Pizza & Wine,52.4737885,13.4235677,5.0,restaurant,"Okerstraße 35, Berlin"
ChIJH9VH-KhPqEcRPjfEoJRRXss,Tempelhof_9_14,BURRO UNCHAINED,52.47498849999999,13.4239201,4.8,restaurant,"Allerstraße 11, Berlin-Bezirk Neukölln"
ChIJhb0jm85RqEcRqitKdOb5SMA,Tempelhof_10_1,Le Quartier - Bistronomie,52.47660800000001,13.3604487,4.8,restaurant,"Gotenstraße 50, Berlin"
ChIJa_qDQhNQqEcRyY2FukAqgwg,Tempelhof_10_1,Sportcasino Schöneberg,52.47597810000001,13.3560757,4.2,restaurant,"Sachsendamm 11, Berlin-Bezirk Tempelhof-Schöneberg"
ChIJeYezYxBQqEcRFf-BznJ2tSA,Tempelhof_10_2,Wiener Feinbäckerei,52.4765141,13.3647087,2.3,bakery,"Im Bahnhof Südkreuz, General-Pape-Straße, Berlin"
ChIJsxLuFABRqEcRfAdPp3p-8M4,Tempelhof_10_2,ROTE INSEL,52.4763929,13.3620287,4.6,cafe,"Ella-Barowsky-Straße 29, Berlin"
ChIJqTufdgBRqEcRROQfJHh3l8w,Tempelhof_10_2,Subway,52.4765647,13.3647974,2.7,meal_takeaway,"Hildegard-Knef-Platz 1, Berlin"
ChIJi1owoZBRqEcRNPaIF22jlm0,Tempelhof_10_2,EAT HAPPY,52.476008,13.363041,4.6,meal_takeaway,"Hedwig-Dohm-Straße 4, Berlin"
ChIJeYezYxBQqEcR0ZavUWRw1rs,Tempelhof_10_2,LE CROBAG - Filiale 1.OG,52.4761809,13.3653598,2.8,bakery,"General-Pape-Straße 1, Berlin-Bezirk Tempelhof-Schöneberg"
ChIJFRnF3xBQqEcRXlZj8pQEz7k,Tempelhof_10_2,Scoom,52.47586439999999,13.3651942,2.2,bakery,"General-Pape-Straße 1, Berlin-Bezirk Tempelhof-Schöneberg"
ChIJYyFdT2ZRqEcRqpwWmj4CCo0,Tempelhof_10_2,esswirtschaft | südkreuz,52.47834529999999,13.3653074,4.2,cafe,"Wilhelm-Kabus-Straße 75, Berlin-Bezirk Tempelhof-Schöneberg"
ChIJK8dbFQBRqEcRu3nYWYp895c,Tempelhof_10_3,Sweet Jamaica,52.47594059999999,13.3683366,5.0,bar,"General-Pape-Straße 60, Berlin"
ChIJ4aGdv3ZRqEcRlpuwyerGXAM,Tempelhof_10_3,Razr Restaurant,52.47580550000001,13.3682994,4.3,restaurant,"General-Pape-Straße, Werner-Voß-Damm 60, Berlin"
ChIJO9d8EhtPqEcRE7bPaUEojh0,Tempelhof_10_7,Neulich Biergarten am THF-Tower,52.4769808,13.3873816,4.7,bar,"Tempelhofer Damm 45, Berlin"
ChIJicBhFftPqEcRz7XWZerHyJw,Tempelhof_10_7,zum Zozzone,52.4781309,13.3862658,,meal_takeaway,"Tempelhofer Damm 45, Berlin"
ChIJFSOWpGcjZUER-6CGJ5Oak-E,Tempelhof_10_13,Café Engels,52.4767177,13.4200274,4.3,cafe,"Herrfurthstraße 21, Berlin"
ChIJDaRG171PqEcRSpDqEb_nv6Y,Tempelhof_10_13,MAMA KALO,52.4767774,13.4207261,4.3,restaurant,"Herrfurthstraße 23, Berlin-Bezirk Neukölln"
ChIJ17uJN75PqEcRKVO6yDVtNog,Tempelhof_10_13,La Pecora Nera,52.4772043,13.4211634,4.3,restaurant,"Herrfurthplatz 6, Berlin-Bezirk Neukölln"
ChIJo90A-YNPqEcRi6yGbEFZiao,Tempelhof_10_13,Han West - Home of Dumplings,52.4784094,13.4201454,4.5,restaurant,"Selchower Straße 20, Berlin-Bezirk Neukölln"
ChIJ2bAEk01PqEcRATzfXavpQ7k,Tempelhof_10_13,Tempeh Hof @Schillermarkt,52.47689949999999,13.4215365,5.0,restaurant,"Herrfurthplatz, Berlin"
ChIJj5Gg6L1PqEcRdMYNa-u-E0o,Tempelhof_10_14,L'Eustache,52.476718,13.4243911,4.6,restaurant,"Weisestraße 49, Berlin"
ChIJvcwD271PqEcRsHXJD4J6UC8,Tempelhof_10_14,Sahara Imbiss (Sudanese),52.47751520000001,13.4246229,4.5,meal_takeaway,"Herrfurthstraße 5, Berlin-Bezirk Neukölln"
ChIJTbpxxL1PqEcRiTfD_os6pNI,Tempelhof_10_14,Berlin Cigköfte,52.4773109,13.4252455,4.6,meal_takeaway,"Herrfurthstraße 32, Berlin-Bezirk Neukölln"
ChIJGZPe_r1PqEcR7L4zNUeNVcA,Tempelhof_10_14,Caligari,52.47593,13.42362,4.5,cafe,"Kienitzer Straße 110, Berlin-Bezirk Neukölln"
ChIJRxDwhb1PqEcRaEOo7zWvtkk,Tempelhof_10_14,Micheline,52.4759321,13.4262723,4.8,restaurant,"Kienitzer Straße 93, Berlin"
ChIJY8gtcr5PqEcRZQDI5Is1QhY,Tempelhof_10_14,Pazzi X Pizza,52.4774014,13.4232455,4.6,restaurant,"Herrfurthstraße 8, Berlin-Bezirk Neukölln"
ChIJUeh6trFPqEcRmTePPalysxA,Tempelhof_10_14,Lavin Restaurant,52.47725629999999,13.4244676,4.5,restaurant,"Herrfurthstraße 29, Berlin-Bezirk Neukölln"
ChIJc-YZMg1PqEcRRw8XOBSRHzQ,Tempelhof_10_14,Herrlich Berlin,52.4774166,13.4236536,4.9,restaurant,"Herrfurthstraße 7, Berlin"
ChIJVdg_wr1PqEcR5vhukwiweSk,Tempelhof_10_14,Club del Burro,52.4772741,13.4247096,4.3,restaurant,"Herrfurthstraße 30, Berlin"
ChIJjeBXOIhPqEcR0UEJluBeAT4,Tempelhof_10_14,Chikku,52.477363,13.4234802,5.0,restaurant,"Herrfurthstraße 7, Berlin"
ChIJ4cPGEcZPqEcREKTnwPsAbTU,Tempelhof_10_14,Gelateria Del Corso,52.4773544,13.4234253,4.8,restaurant,"Herrfurthstraße, Berlin"
ChIJfe3F4mJPqEcRRIxwhR3LDgg,Tempelhof_10_14,Pilz Imbiss,52.47729500000001,13.4248607,4.7,restaurant,"Herrfurthstraße 31, Berlin"
ChIJ-ZyuYX5PqEcRPJ8O4WI_1dc,Tempelhof_10_14,Lalibela Ethiopian Restaurant Berlin,52.4772826,13.4251883,4.2,restaurant,"Herrfurthstraße 32, Berlin-Bezirk Neukölln"
ChIJGfK9JkZPqEcRp8uoLs_kfBY,Tempelhof_10_14,Feed the Pony,52.4776056,13.4225552,4.9,restaurant,"Schillerpromenade 37, Berlin"
ChIJIfrNvr1PqEcRdCVWvrGPDxE,Tempelhof_10_14,MAHARR,52.4771265,13.4260734,4.3,restaurant,"Hermannstraße 54, Berlin"
ChIJLdts-mZPqEcReU_nJmXtX0I,Tempelhof_10_14,Black Rhino Restaurant,52.475849,13.42341,4.6,meal_takeaway,"Kienitzer Straße 112, Berlin"
ChIJL5Dnm71PqEcRAJrjIuzWxnE,Tempelhof_10_14,BAN BAN KITCHEN,52.4759696,13.4228562,4.0,restaurant,"Schillerpromenade 32, Berlin-Bezirk Neukölln"
ChIJie2fnAlPqEcRwP9vnSLWxX0,Tempelhof_10_14,61bites,52.47648880000001,13.4218901,5.0,restaurant,"Schillerpromenade 7, Berlin"
ChIJQVBal71PqEcRADT4tl1sG7E,Tempelhof_10_14,Späti,52.4765567,13.4263476,4.4,meal_takeaway,"Hermannstraße 57, Berlin-Bezirk Neukölln"
ChIJrRiEh41PqEcRC8L2V7MHkTw,Tempelhof_10_14,Viet Aroma,52.47577219999999,13.4229004,4.3,restaurant,"Schillerpromenade 32, Berlin-Bezirk Neukölln"
ChIJYwhx7T1PqEcR0wfX-4tDsQg,Tempelhof_10_14,Café Pilz,52.478628,13.4237258,4.8,restaurant,"Weisestraße 58, Berlin"
ChIJPWJlRQBPqEcR0kpNBjvroMM,Tempelhof_10_14,Touline 92 Orient Fresh Food - Falafel - Schawarma - Halloumi - Makali - Kafta - Vegan - Veggi,52.47621540000001,13.4261927,4.9,restaurant,"Kienitzer Straße 92, Berlin"
ChIJt-oCuE9PqEcRTTY31nX-Pko,Tempelhof_10_14,Dürümcü Baba,52.4764387,13.4264091,4.5,restaurant,"Hermannstraße 58, Berlin"
ChIJEdjmmzFPqEcRbZbxGnCfiIE,Tempelhof_10_14,"Lalibela Restaurant- Taste of Ethiopia, Neukölln",52.4756132,13.4232562,4.3,restaurant,"Kienitzer Straße 113, Berlin"
ChIJic-4EeFPqEcRx-WE2iJFU94,Tempelhof_10_14,Luigis Pizzeria,52.4761465,13.426288,4.9,restaurant,"Kienitzer Straße 92, Berlin"
ChIJC2vc8_VPqEcRwNDs8fS5TFg,Tempelhof_10_14,La Côte,52.4759176,13.425974,4.8,restaurant,"Kienitzer Straße 95, Berlin"
ChIJ18V7OtBPqEcRomJ1WYHYMYY,Tempelhof_10_14,Gorilla Bäckerei,52.4778327,13.4265475,4.6,bakery,"Hermannstraße 211, Berlin-Bezirk Neukölln"
ChIJqdPJviFPqEcRlHeoNJPAOsk,Tempelhof_10_14,SACREBLEU! Winebar,52.4759437,13.4261387,4.7,restaurant,"Kienitzer Straße 95, Berlin"
ChIJ5xnQUQBPqEcR3PznMCMGSdk,Tempelhof_10_14,Vaust Bar & Restaurant,52.47586039999999,13.4260489,5.0,restaurant,"Kienitzer Straße 95, Berlin"
ChIJMzoubwdPqEcRnL3ptZGiv_M,Tempelhof_10_14,Bol Köfte,52.4786849,13.4254367,4.1,restaurant,"Hermannstraße 46, Berlin-Bezirk Neukölln"
ChIJFYqP2hRQqEcRtcQBz9Xk_Go,Tempelhof_11_1,"Restaurant ""Café in the water tower""",52.4812775,13.3562249,4.0,cafe,"EUREF-Campus 18, Berlin"
ChIJgVEdThRQqEcRSOFGvzG1HJY,Tempelhof_11_1,PapalaCup,52.47983699999999,13.3604371,4.6,cafe,"Gotenstraße 55, Berlin-Bezirk Tempelhof-Schöneberg"
ChIJPZpvRhVQqEcRejefvEdeDpg,Tempelhof_11_1,Schmiede am Gasometer bei Pino,52.482231,13.35792,4.2,restaurant,"EUREF-Campus 15, Berlin"
ChIJu-8KztpRqEcRkc2aIXxVnJo,Tempelhof_11_1,GRÜNS,52.4807161,13.3566901,4.2,restaurant,"EUREF-Campus 22, Berlin"
ChIJMUo29nxRqEcRtauRmIzgssw,Tempelhof_11_1,Pizzeria Trattoria Café LuNa,52.4811396,13.3599544,4.3,restaurant,"Gotenstraße 18, Berlin-Bezirk Tempelhof-Schöneberg"
ChIJYQQpvcFRqEcRg4xrEQ1NCSA,Tempelhof_11_1,Schmiede by Litaly Berlin,52.48214489999999,13.3577284,4.4,restaurant,"EUREF-Campus 15, Berlin"
ChIJ7wcougBRqEcRsSPp4pEws4c,Tempelhof_11_1,the CORD,52.4802724,13.3554704,4.6,restaurant,"EUREF-Campus 23-24, Berlin"
ChIJo2vb4hVQqEcR5hIbKmQn_58,Tempelhof_11_2,East61 Indoor Beachvolleyball,52.4818448,13.3640401,4.4,bar,"Wilhelm-Kabus-Straße 42, Berlin"
ChIJg_jVFhZQqEcRhVN7RwXvpqM,Tempelhof_11_2,NAUMANNS Bistro,52.4815396,13.3655467,4.5,bar,"Wilhelm-Kabus-Straße 36, Berlin"
ChIJ5297Ix5RqEcR31XpCqNfw4g,Tempelhof_11_2,NAUMANNS Biergarten,52.4809965,13.3653894,4.3,bar,"Wilhelm-Kabus-Straße 70/Haus Nr. 24, Berlin"
ChIJnVifHiBQqEcR_BpZsMqPHos,Tempelhof_11_6,Burger King Berlin,52.48039250000001,13.3851994,3.2,restaurant,"Tempelhofer Damm 28/30, Berlin-Bezirk Tempelhof-Schöneberg"
ChIJm23yNFVPqEcRdgx5F9v7XUk,Tempelhof_11_11,TEMPEL GARTEN,52.4793122,13.4093339,4.3,bar,"Tempelhofer Feld, Columbiadamm, Gebäude 462, Berlin"
ChIJZ2DXDXVPqEcRhApyVS9Tayw,Tempelhof_11_12,snackpoint im Sommerbad Neukölln,52.4799725,13.41494,3.5,meal_takeaway,"Columbiadamm 160-190, Berlin-Bezirk Neukölln"
ChIJhadej8BPqEcRtCWc1pN2zS4,Tempelhof_11_13,Easy Lodges Berlin,52.47999859999999,13.4178864,3.4,campground,"Columbiadamm 160, Berlin-Bezirk Neukölln"
ChIJa18JY79PqEcRGC2IbRHdfjk,Tempelhof_11_13,Mmaah! - Eat Korean,52.4799602,13.4179199,4.5,meal_takeaway,"Columbiadamm 160, Berlin"
ChIJK431I79PqEcR1DCTDXCuMBU,Tempelhof_11_13,Al Manara,52.4804547,13.4209347,4.8,restaurant,"Fontanestraße 25, Berlin-Bezirk Neukölln"
ChIJT6ei_LtPqEcRwZ8v4W8dTS0,Tempelhof_11_14,Lavanderia Vecchia,52.4815206,13.4264152,4.4,restaurant,"Flughafenstraße 46, Berlin-Bezirk Neukölln"
ChIJ_8yCVLlPqEcRO6RVSCukcaU,Tempelhof_11_14,Berlin Tantuni,52.4810459,13.4252675,4.7,meal_takeaway,"Hermannstraße 228, Berlin-Bezirk Neukölln"
ChIJ_XCNpb5PqEcRYfAKK-5ZtHA,Tempelhof_11_14,Isla,52.48033789999999,13.4249654,4.5,cafe,"Hermannstraße 37, Berlin-Bezirk Neukölln"
ChIJAQCc0L5PqEcRcg-sn1k09rU,Tempelhof_11_14,Sushi Yana Neukölln,52.4806626,13.422332,4.3,restaurant,"Flughafenstraße 76, Berlin-Bezirk Neukölln"
ChIJi-yoIbxPqEcR9n9G7zPIh-c,Tempelhof_11_14,Diggi Eis Cafe,52.4794717,13.4252982,4.5,restaurant,"Hermannstraße 42-43, Berlin-Bezirk Neukölln"
ChIJm2DnBrxPqEcRylpb6lqZGFs,Tempelhof_11_14,MUTED HORN,52.4806732,13.4262815,4.8,liquor_store,"Flughafenstraße 49, Berlin-Bezirk Neukölln"
ChIJsecLkbtPqEcRj9aVYCp6XT8,Tempelhof_11_14,Libanon Falafel,52.4804951,13.4246938,4.5,meal_takeaway,"Flughafenstraße 34, Berlin-Bezirk Neukölln"
ChIJJ_EVSM1PqEcRQgOlLkzipxA,Tempelhof_11_14,Sushi Mana Neukölln,52.4802594,13.4229022,4.5,restaurant,"Weisestraße 2, Berlin-Bezirk Neukölln"
ChIJJfXG27dPqEcRm2OPXho8n1A,Tempelhof_11_14,El Barrio Honduras Street Food,52.4798635,13.4248524,4.8,restaurant,"Mahlower Straße 32, Berlin"
ChIJL_BUiOJPqEcREf-u1nHYMao,Tempelhof_11_14,BiTat Imbiss Restaurant,52.4809843,13.4254283,3.5,restaurant,"Flughafenstraße 52, Berlin-Bezirk Neukölln"
ChIJtQq1U7lPqEcRiUIXM8xrzN0,Tempelhof_11_14,Come And Eat,52.4812466,13.4251724,,restaurant,"Hermannstraße 229, Berlin-Bezirk Neukölln"
ChIJVRYkT7lPqEcRSxgJWdIDCO8,Tempelhof_11_14,PIZZA 31 Berlin,52.4815858,13.4246546,4.2,restaurant,"Hermannstraße 31, Berlin"
ChIJz9IHEABPqEcRx_lZJNwfqU4,Tempelhof_11_14,Bites Meister,52.4812363,13.4254853,,restaurant,"Hermannstraße 229, Berlin"
ChIJAVtrn8VPqEcRwstJtA5obZw,Tempelhof_11_14,Chef Steak Tantuni,52.479695,13.425071,4.9,restaurant,"Hermannstraße 40, Berlin"
ChIJ1dc3RblPqEcRF8fcMFoCuVU,Tempelhof_11_14,Brave Burger,52.4817648,13.4251055,1.0,restaurant,Germany
ChIJFf1MLcJPqEcRaS7Ka1x6-gc,Tempelhof_11_14,AL-Farhat,52.48176660000001,13.4251213,5.0,restaurant,"Hermannstraße 232, Berlin"
ChIJCejr9hVPqEcRM5iVzTF2aTo,Tempelhof_11_14,Sanhok Wok&Grill,52.4796197,13.4257515,4.5,restaurant,"Hermannstraße 222, Berlin"
ChIJ0WZIkL5PqEcRQCVBnAh0dN0,Tempelhof_11_14,Blauer Affe 1,52.4791633,13.423784,4.3,bar,"Selchower Straße 6, Berlin"
ChIJkRGgS2lPqEcROaDUvPUdBJE,Tempelhof_11_14,DR BURGER NEUKÖLLN,52.48108790000001,13.426394,4.8,restaurant,"Flughafenstraße 46, Berlin"
ChIJ24nGPLxPqEcRRc5b1jgxq18,Tempelhof_11_14,Pizza Pause,52.47935630000001,13.4259288,4.7,restaurant,"Hermannstraße 220, Berlin"
ChIJ5_6B62tPqEcR_wJqeY3Bico,Tempelhof_11_14,Damn Dog Neukölln,52.4790178,13.4250266,4.3,restaurant,"Selchower Straße 35, Berlin"
ChIJjY89k5NPqEcRznQk1h6Fow0,Tempelhof_11_14,Sam Asia Imbiss,52.4794034,13.4260641,4.6,meal_takeaway,"Hermannstraße 220, Berlin-Bezirk Neukölln"
ChIJA27lvT9QqEcRx-WFQnYWTy0,Tempelhof_12_1,Heuberger,52.4848304,13.3600966,4.2,bar,"Gotenstraße 1, Berlin"
ChIJEYA6UhVQqEcRh7FFRchXZLE,Tempelhof_12_1,"Restaurant: ""Bamboo Bay""",52.4828,13.357466,3.9,restaurant,"Torgauer Straße 12, Berlin-Bezirk Tempelhof-Schöneberg"
ChIJAQB0hz9QqEcRLeY6lYxMyAo,Tempelhof_12_1,Jubi-Stübchen,52.4854117,13.3585228,4.5,bar,"Feurigstraße 64, Berlin-Bezirk Tempelhof-Schöneberg"
ChIJ91FtAD9QqEcRE19bnaXU-mE,Tempelhof_12_2,Tuana Turkish Deli,52.48561230000001,13.3621565,4.8,restaurant,"Kolonnenstraße 12, Berlin-Bezirk Tempelhof-Schöneberg"
ChIJuxP-ihlRqEcRIpJkFH0smfg,Tempelhof_12_2,La Pizzetta,52.4848945,13.3637925,4.5,restaurant,"Kolonnenstraße 18, Berlin"
ChIJ359dNT5QqEcRzt1MKeIXKpM,Tempelhof_12_2,Mokalola der Kaffeeladen,52.48429489999999,13.3616464,4.4,cafe,"Leberstraße 21, Berlin"
ChIJ03BxVVRRqEcRo9UoRt8hF8w,Tempelhof_12_2,Za'atar Falafel,52.4843746,13.3616317,4.8,restaurant,"Leberstraße 21, Berlin-Bezirk Tempelhof-Schöneberg"
ChIJ91EXMq1RqEcRPhE1fTIMlxE,Tempelhof_12_2,Bella Vita Berlin,52.485305,13.3642744,2.9,meal_takeaway,"Kolonnenstraße 45, Berlin-Bezirk Tempelhof-Schöneberg"
ChIJs_1hMgBRqEcR2Sa1VUKu2Xw,Tempelhof_12_2,Le Bateau Ivre,52.4850269,13.3617145,4.8,cafe,"Leberstraße 11, Berlin"
ChIJtQPZIsxRqEcRt2c_xGDelFo,Tempelhof_12_2,Maecom Dalcom,52.48304479999999,13.3616083,4.9,restaurant,"Leberstraße 35, Berlin"
ChIJbbFybgBRqEcRBFbCirVs7_k,Tempelhof_12_2,Gartenlokal naumannstr,52.4825977,13.3634779,,restaurant,"Naumannstraße gartenlokal 85, Berlin"
ChIJs0zK5eFRqEcR2f52Fcq-tM8,Tempelhof_12_2,Gokan,52.4851706,13.361755,4.4,restaurant,"Leberstraße 9, Berlin"
ChIJfSvPaABRqEcR-VO8ZpLNG2A,Tempelhof_12_2,Stumari,52.48543,13.3622901,4.8,restaurant,"Gustav-Müller-Straße 1, Berlin"
ChIJLX5io_BRqEcRbJGDNdtLwUE,Tempelhof_12_2,Mama’s Manti,52.4849386,13.3656253,3.0,restaurant,"Kolonnenstraße 22-23, Berlin"
ChIJq_GW_z5QqEcRNVKQ7_WOXDs,Tempelhof_12_2,Döner 27 Kebap,52.4855673,13.3621905,4.1,restaurant,"Kolonnenstraße 12, Berlin-Bezirk Tempelhof-Schöneberg"
ChIJq2X--z5QqEcRgldIlwlXI1M,Tempelhof_12_2,"Café Daddy Breakfast, Bagel’s & Bowl’s",52.4856984,13.3627816,4.5,restaurant,"Kolonnenstraße 50, Berlin"
ChIJ-4qVtrVRqEcRlTueLhEgndk,Tempelhof_12_2,Café fe,52.48554719999999,13.3617132,4.9,cafe,"Leberstraße 1-3, Berlin"
ChIJTdyz5Z5RqEcRiAuQQdmBeVc,Tempelhof_12_2,Café Sully,52.485329,13.3612519,4.7,restaurant,"Leberstraße 8, Berlin-Bezirk Tempelhof-Schöneberg"
ChIJCbGX1D1QqEcRSI4pReMh-cI,Tempelhof_12_3,Burger Time,52.48491980000001,13.3663041,3.3,restaurant,"Kolonnenstraße 27, Berlin-Bezirk Tempelhof-Schöneberg"
ChIJfZ8fNDxQqEcROHl4X3oo4Ic,Tempelhof_12_3,"Zapatissimo | Salsa, Bachata Kurs Berlin",52.48462929999999,13.3668779,4.8,school,"Kolonnenstraße 29, Berlin-Bezirk Tempelhof-Schöneberg"
ChIJFbdoFSNQqEcR214hCmAD0mA,Tempelhof_12_4,Sushi For You,52.4853117,13.3752784,3.7,restaurant,"Dudenstraße 72, Berlin-Bezirk Friedrichshain-Kreuzberg"
ChIJfVBQakpRqEcRJInqSL0D16M,Tempelhof_12_4,Pizza,52.4851971,13.3744284,,meal_takeaway,"Dudenstraße 76, Berlin"
ChIJH6gtbQBRqEcR11yRGoD-OxA,Tempelhof_12_4,Bok Bok Chicken Kreuzberg,52.4853117,13.3752784,3.3,restaurant,"Dudenstraße 72, Berlin"
ChIJ2ROaB5tRqEcRkdgwrTuG8wk,Tempelhof_12_5,Gurman's Grillhaus,52.48320229999999,13.3775952,4.3,bar,"Bayernring 29A, Berlin"
ChIJg9_w3iBQqEcRExo_M-le9to,Tempelhof_12_6,Bistro Nazar 27,52.48446569999999,13.3852184,4.5,meal_takeaway,"Manfred-von-Richthofen-Straße 2, Berlin"
ChIJy0g2NXAjZUERDBMVKguqOUI,Tempelhof_12_6,Café do Brasil,52.485322,13.3853269,4.6,bar,"Dudenstraße 2, Berlin-Bezirk Friedrichshain-Kreuzberg"
ChIJlyxNnCFQqEcRYPKudY7_QKs,Tempelhof_12_6,The Luftbrücke restaurant,52.483141,13.3817485,4.6,restaurant,"Manfred-von-Richthofen-Straße 18, Berlin"
ChIJd1-AyrBRqEcRFsNv7aDNbAM,Tempelhof_12_6,Jayden Restaurant,52.4842452,13.3840319,4.3,restaurant,"Manfred-von-Richthofen-Straße 6, Berlin"
ChIJ474UQE5RqEcRHuuJ18qjyqQ,Tempelhof_12_6,Antico Nuovo,52.4836645,13.3837784,4.4,restaurant,"Manfred-von-Richthofen-Straße 9, Berlin"
ChIJc2fwIiFQqEcRs0cJASBOBKI,Tempelhof_12_6,Bäcker Wiedemann – Bäckerei Tempelhof,52.48432529999999,13.3844079,3.8,bakery,"Manfred-von-Richthofen-Straße 4, Berlin-Bezirk Tempelhof-Schöneberg"
ChIJF8LkISFQqEcRVlXcksk6vqU,Tempelhof_12_6,DÖNERIA,52.48435199999999,13.384454,3.7,meal_takeaway,"Manfred-von-Richthofen-Straße 4, Berlin-Bezirk Tempelhof-Schöneberg"
ChIJ82FSeABRqEcRhCAKA3LFNl8,Tempelhof_12_6,Pizza Uno Pasta 2,52.4833989,13.38314,4.9,restaurant,"Manfred-von-Richthofen-Straße 13, Berlin"
ChIJFTv-AwBRqEcRkNe9J7QHvU8,Tempelhof_12_6,Ha Pho Restaurant - Asiatische Küche - Sushi & Bar,52.484897,13.3830839,4.7,restaurant,"Dudenstraße 15, Berlin"
ChIJBYxlkq5RqEcRBHGeSffukeM,Tempelhof_12_6,Biryani Burger - Indische Spezialitäten,52.48496169999999,13.3827961,4.7,meal_takeaway,"Dudenstraße 15, Berlin"
ChIJa_6JIK5RqEcRX9Dy_TJUTL4,Tempelhof_12_6,Guacamole,52.4851164,13.384907,2.6,restaurant,"Dudenstraße 6, Berlin-Bezirk Friedrichshain-Kreuzberg"
ChIJx-tEUvtRqEcRdvMU2V-9qi8,Tempelhof_12_6,La Maison Chay & More,52.4832249,13.3818372,4.8,restaurant,"Manfred-von-Richthofen-Straße 18, Berlin"
ChIJ5ya4T3JRqEcRAzhuhOMLaMI,Tempelhof_12_6,Simo Smash Burger,52.4832173,13.3817757,4.6,restaurant,"Manfred-von-Richthofen-Straße 18, Berlin"
ChIJR5X0cEVRqEcRh4RMYMXn1BU,Tempelhof_12_6,REWE To Go bei Aral,52.4846301,13.3814268,4.3,supermarket,"Aral, Dudenstraße 19, Berlin-Bezirk Tempelhof-Schöneberg"
ChIJ72DcmSFQqEcRVm8qJ77QHtM,Tempelhof_12_6,Aksara,52.48265199999999,13.3817341,,restaurant,"Manfred-von-Richthofen-Straße 19, Berlin-Bezirk Tempelhof-Schöneberg"
ChIJIW-N6RtPqEcR6rLT6aNnVOc,Tempelhof_12_7,Orville’s. Coffee|Food|Events,52.48361379999999,13.3883993,4.6,bar,"Platz der Luftbrücke 4, Berlin-Bezirk Tempelhof-Schöneberg"
ChIJ9TgiPWJPqEcRLUDhYXV2oWQ,Tempelhof_12_11,TiB Bistro Columbiadamm,52.4830087,13.407683,4.6,restaurant,"Columbiadamm 111, Berlin"
ChIJuXu3JwBPqEcR49QWGYpF3kk,Tempelhof_12_11,Restaurant Sunshine,52.4827155,13.4079381,5.0,restaurant,"Columbiadamm 111, Berlin"
ChIJ42QP4GdPqEcRSgRKZG901DQ,Tempelhof_12_14,adot kitchen - Ethiopian brunch and speciality coffee,52.483929,13.422829,4.9,cafe,"Lucy-Lameck-Straße 32, Berlin"
ChIJB1FV0LlPqEcRl5VeCjEE-_8,Tempelhof_12_14,Bäckerei Sofra,52.4853394,13.425923,4.5,bakery,"Karl-Marx-Straße 12, Berlin"
ChIJrz3IcI9PqEcRDx0f6uBuuyk,Tempelhof_12_14,ALTE WELT SIRALTI Berlin,52.48570669999999,13.422932,4.9,restaurant,"Lucy-Lameck-Straße 44, Berlin"
ChIJkbDq51ZFqEcRlNoKuxzxnlw,tempelhof,Redo XXL,52.4545867,13.3848178,4.6,restaurant,"Tempelhofer Damm 227, 12099 Berlin, Germany"
ChIJWZtwUH1PqEcRtHFPtyOTJxI,tempelhof,Burger Pulse,52.4684235,13.3848879,4.8,restaurant,"Ringbahnstraße 75, 12103 Berlin, Germany"
ChIJ1U1kMBBPqEcRmBM_lKZ_FSw,tempelhof,Restaurant Cafe de Miro,52.4645908,13.3858262,4.7,restaurant,"Tempelhofer Damm 151, 12099 Berlin, Germany"
ChIJ7cp1RCxQqEcRd34ZqFtq-N4,tempelhof,Taverna Athene,52.498227,13.385409,4.6,restaurant,"Tempelhofer Ufer 12, 10963 Berlin, Germany"
ChIJFf3PfEhPqEcRbf9XdmqTRQ4,tempelhof,Kebapci Hamdi Baba,52.4651842,13.3857941,4.5,restaurant,"Tempelhofer Damm 147, 12099 Berlin, Germany"
ChIJ58RsqnlFqEcRU68Yts-IrpA,tempelhof,piro espressobar,52.45570379999999,13.3824367,5.0,cafe,"Friedrich-Karl-Straße 7, 12103 Berlin, Germany"
ChIJpSihEG5PqEcRWeFlr2l7UKs,tempelhof,Zey&Bek Köfteci,52.4682885,13.3852105,4.8,restaurant,"Tempelhofer Damm 124, 12099 Berlin, Germany"
ChIJn6hsEvxPqEcRFvAUXhFwQwM,tempelhof,City Chicken,52.4649376,13.3858134,4.7,restaurant,"Tempelhofer Damm 149, 12099 Berlin, Germany"
ChIJ09RLDSxQqEcRvu54Nq5pPfw,tempelhof,Blue Nile Restaurant,52.4979012,13.387159,4.2,restaurant,"Tempelhofer Ufer 6, 10963 Berlin, Germany"
ChIJ97n03FxFqEcRkMWYRQWd3Dw,tempelhof,Karma Restaurant,52.4473703,13.3969435,4.4,restaurant,"Eisenacher Str. 57, 12109 Berlin, Germany"
ChIJEzVVJ09QqEcRGaayeeRiLYA,tempelhof,AMRIT Restaurant Schoneberg,52.4973106,13.3547693,4.7,bar,"Winterfeldtstraße 40, 10781 Berlin, Germany"
ChIJpWoeDtBRqEcRN6EGeKleww8,tempelhof,Gon 80 Vietnamese Cuisine Restaurant,52.4857649,13.3750779,4.8,restaurant,"Eylauer Str. 16, 10965 Berlin, Germany"
ChIJReyWMGdPqEcRBrgj4Y4QYSA,tempelhof,Eis Tempel Berlin,52.46745139999999,13.3851113,4.5,cafe,"Tempelhofer Damm 134, 12099 Berlin, Germany"
ChIJZe1vSVBQqEcRP3TL0kS70lg,tempelhof,Sissi Restaurant,52.4975787,13.3467751,4.7,restaurant,"Motzstraße 34, 10777 Berlin, Germany"
ChIJ5SEH505QqEcRBtrALtEhxpI,tempelhof,Karabach Restaurant,52.4978327,13.3545816,4.8,restaurant,"Maaßenstraße 9, 10777 Berlin, Germany"
ChIJp-8DG1ZFqEcRlxdUyPvagug,tempelhof,Kaffeeschwestern Cafe,52.4580259,13.3846586,4.6,cafe,"Friedrich-Wilhelm-Straße 83, 12099 Berlin, Germany"
ChIJywNLxthFqEcRr6upXkyTttg,tempelhof,Mundo Tapas - Alt Mariendorf,52.4404895,13.3875476,4.6,bar,"Alt-Mariendorf 32, 12107 Berlin, Germany"
ChIJ8R42C2tPqEcRSlpMtQ7cEhA,tempelhof,Ziyafet Grill Kebab,52.4644641,13.385896,4.6,restaurant,"Tempelhofer Damm 153, 12099 Berlin, Germany"
ChIJS1agbFtPqEcRY111w758yZ0,tempelhof,Örnek Lahmacun Evi,52.4648421,13.3853345,4.4,restaurant,"Tempelhofer Damm 152, 12099 Berlin, Germany"
ChIJ_T2YRvxPqEcRhkORPeoHVnA,tempelhof,Café Alt - Tempelhof,52.4655699,13.3845204,4.3,cafe,"Alt-Tempelhof 23-25, 12103 Berlin, Germany"
ChIJ1x1z8_xPqEcRstosehttuM8,tempelhof,Bierhaus Tempelhof,52.4668256,13.3860356,4.3,bar,"Tempelhofer Damm 139, 12099 Berlin, Germany"
ChIJK8ArFfxPqEcRyice81ZLQDk,tempelhof,Pizza LaGrande (Halal),52.46523819999999,13.3853925,4.2,meal_takeaway,"Tempelhofer Damm 148, 12099 Berlin, Germany"
ChIJnX6eQYxRqEcRwMY4KmdQVoc,tempelhof,Gastronomie Grün-Gold,52.4784318,13.3809226,5.0,restaurant,"Paradestraße 28-32, 12101 Berlin, Germany"
ChIJZyrn5ctRqEcREcxuO6VLWYo,tempelhof,Boelcke's Little Inn,52.4824523,13.3769881,4.7,bar,"Boelckestraße 20, 12101 Berlin, Germany"
ChIJY4XIMzFRqEcRCtrMBTs-5_w,tempelhof,PAUS COFFEE am Tempelhofer Feld,52.4842509,13.3841096,4.8,cafe,"Manfred-von-Richthofen-Straße 6, 12101 Berlin, Germany"
ChIJGQg89gJRqEcRCqNOJs3vuXw,tempelhof,aerde restaurant,52.4870676,13.3734857,4.7,restaurant,"Am Lokdepot 6, 10965 Berlin, Germany"
ChIJpyNkauhRqEcRnTVOMar7Iz0,tempelhof,Ripieno,52.4876832,13.373772,4.6,restaurant,"Am Lokdepot 1, 10965 Berlin, Germany"
ChIJu9RLQAVRqEcR6Rp47-hpUZ0,tempelhof,Tayfam,52.4821557,13.3825973,5.0,point_of_interest,"Bayernring 5, 12101 Berlin, Germany"
ChIJ_011xh1QqEcRruOhr6qFzI0,tempelhof,Pfeffereule,52.4743398,13.3812428,4.4,bar,"Manfred-von-Richthofen-Straße 158, 12101 Berlin, Germany"
ChIJ1x0lyPdRqEcREueGidnNYjo,tempelhof,Petit Café,52.4848779,13.3830475,4.7,bakery,"Dudenstraße 15, 10965 Berlin, Germany"
ChIJjb1tGyFRqEcRNhAxE0vOCr8,tempelhof,Bolinas Kaffee&Laden,52.483266,13.3820389,4.9,cafe,"Manfred-von-Richthofen-Straße 16, 12101 Berlin, Germany"
ChIJdRvVkTZFqEcR9B9PmGBXYQg,tempelhof,The Room Berlin Restaurant & Hookah,52.4436182,13.3858951,4.8,point_of_interest,"Mariendorfer Damm 96-98, 12109 Berlin, Germany"
ChIJudn6CCFQqEcRalvRvUvRHm0,tempelhof,"Bar-Kneipe ""Keine Eile""",52.48321310000001,13.3831702,4.4,bar,"Manfred-von-Richthofen-Straße 13, 12101 Berlin, Germany"
ChIJDXedw9lPqEcRyf_ArRfmMx0,tempelhof,Restaurant Austria Das Original,52.4887545,13.3968488,4.3,restaurant,"Bergmannstraße 30, 10961 Berlin, Germany"
ChIJY7IADQBbqEcRvoRsflTfs94,tempelhof,Pizzeria A Casa,52.434042,13.3415421,4.9,meal_delivery,"Kaiser-Wilhelm-Straße 54, 12247 Berlin, Germany"
ChIJQUgQ5SxRqEcRSw-RJmgyZlo,tempelhof,The Vibe Restaurant & Lounge,52.5066542,13.39285,4.7,restaurant,"Charlottenstraße 4, 10969 Berlin, Germany"
ChIJaWlOMAZFqEcR_scgDMLdO_8,tempelhof,Mediteran,52.4213725,13.4149093,4.4,restaurant,"Quarzweg 94, 12349 Berlin, Germany"
ChIJJeoYQBpOqEcRG2UWet0d1vE,tempelhof,Steakhouse & Restaurant Las Malvinas,52.5262646,13.4225402,4.7,restaurant,"nähe Alexanderplatz, Barnimstraße 18, 10249 Berlin, Germany"
ChIJyU2sM39RqEcRdVEwXTYwjik,tempelhof,CoBui Kitchen,52.4727018,13.3276169,4.6,restaurant,"Friedrich-Wilhelm-Platz 3-4, 12161 Berlin, Germany"
ChIJ0TgCaH1QqEcR-6piC-OSd-0,tempelhof,Mario,52.475082,13.323463,4.8,restaurant,"Südwestkorso 10, 14197 Berlin, Germany"
ChIJAa99plpRqEcRVWoK8SbddTg,tempelhof,Viti Restaurant Berlin,52.5117287,13.3827809,4.5,restaurant,"Wilhelmstraße 94, 10117 Berlin, Germany"
ChIJh6sq1BlFqEcROQM3JfVwU0A,tempelhof,Restaurant Adlermühle Berlin,52.4246868,13.3947603,4.7,bar,"Mariendorfer Damm 320, 12107 Berlin, Germany"
ChIJ_4FRPUdFqEcR8I8AYSmG8Rc,tempelhof,Steakhouse Hazienda,52.43855079999999,13.3874466,4.3,restaurant,"Mariendorfer Damm 144, 12107 Berlin, Germany"
ChIJR1gg7RdFqEcR1fFjhpCCPvM,tempelhof,"Mustang Restaurant, Cafe & Cocktailbar | Italienische Spezialitäten & Steakhaus",52.4259567,13.3927041,4.7,bar,"Mariendorfer Damm 296, 12107 Berlin, Germany"
ChIJmTv850ZFqEcRklSGHHmqRa4,tempelhof,Villa Christina,52.4399869,13.3879208,4.4,meal_delivery,"Mariendorfer Damm 131, 12107 Berlin, Germany"
ChIJoZtPnRdFqEcRjA6vREODYaM,tempelhof,Cancún - Mariendorf,52.4255253,13.3945119,4.7,restaurant,"Mariendorfer Damm 310, 12107 Berlin, Germany"
ChIJywZNP_xFqEcR_Jo9qkMToC8,tempelhof,HAMI,52.4388319,13.3884916,4.4,restaurant,"Reißeckstraße 2-4, 12107 Berlin, Germany"
ChIJSY26yIRFqEcR_BanpeHmvqs,tempelhof,The Sixties Diner - Mariendorf,52.4233863,13.3956922,4.1,restaurant,"Mariendorfer Damm 338, 12107 Berlin, Germany"
ChIJ_y-s9xlFqEcRx2abqy3Nf8Q,tempelhof,Deseado Steakhaus,52.4237073,13.3974044,4.6,restaurant,"Tauernallee 6, 12107 Berlin, Germany"
ChIJ-3t_aOxFqEcR6_EH4-ET6lc,tempelhof,Wirtshaus Alpinia,52.42111000000001,13.3919086,4.6,restaurant,"Säntisstraße 32-34, 12107 Berlin, Germany"
ChIJH1jTdjdFqEcRtxYfGzYCO6Q,tempelhof,rice & more,52.43458829999999,13.3784643,4.5,restaurant,"Großbeerenstraße 51, 12107 Berlin, Germany"
ChIJZ75WXoRFqEcRejOQT3eJQ-k,tempelhof,BrewDog DogTap Berlin,52.4379123,13.3689856,4.0,liquor_store,"Im Marienpark 23, 12107 Berlin, Germany"
ChIJcYWrwi9FqEcRKYicwCYSCgw,tempelhof,Il Ponte,52.4265319,13.3737543,4.7,restaurant,"Großbeerenstraße 198, 12277 Berlin, Germany"
ChIJmag17hxFqEcR0WzUzGgyN3w,tempelhof,Nuovo Mario Berlin Süd,52.4170638,13.3994141,4.4,restaurant,"Mariendorfer Damm 424, 12107 Berlin, Germany"
ChIJ9wVPWD9FqEcRAoZTc9k0Rwg,tempelhof,Wen's Küche,52.43613149999999,13.3892466,4.7,restaurant,"Mariendorfer Damm 175, 12107 Berlin, Germany"
ChIJW3NGoyBFqEcReHuhzer7BbQ,tempelhof,Burger City Großbeerenstraße,52.43593869999999,13.3794152,4.7,restaurant,"Großbeerenstraße 35, 12107 Berlin, Germany"
ChIJcxkxDQBFqEcRFiKK-apK4Lg,tempelhof,"Golt'z Kebap ""Mariendorf""",52.4265373,13.3939516,4.8,restaurant,"Mariendorfer Damm 292A, 12107 Berlin, Germany"
ChIJpyGW9kFFqEcRMccTimZnKqs,tempelhof,Park Café Berlin,52.4408588,13.3964505,4.3,cafe,"Rixdorfer Str. 165, 12109 Berlin, Germany"
ChIJZ24OBVBFqEcRRzBnJkr4eAQ,tempelhof,Chicken House Das Original,52.4478004,13.3855798,4.6,restaurant,"Mariendorfer Damm 55-57, 12109 Berlin, Germany"
ChIJ9Rr8DbNFqEcRvVbhCO2icDo,tempelhof,Hai Asia,52.4472487,13.3857271,4.4,meal_takeaway,"Mariendorfer Damm 61, 12109 Berlin, Germany"
ChIJOa2AQgBFqEcRYzPS9DjUThw,tempelhof,Yunus Emre | Steak Döner,52.439693,13.3878483,4.7,restaurant,"Mariendorfer Damm 135, 12107 Berlin, Germany"
ChIJqQJ0NptPqEcRGfA9HkA5uZM,tempelhof,Zum Sargnagel,52.439538,13.3880337,4.1,bar,"Mariendorfer Damm 137, 12107 Berlin, Germany"
ChIJY_6McFo7ZUERhhz7eXcMlCE,tempelhof,Burger Hütte Berlin,52.4472529,13.3857328,4.3,meal_takeaway,"Mariendorfer Damm 61, 12109 Berlin, Germany"
ChIJaY1WbwBFqEcROlkZ7VkSm0o,tempelhof,Lemon Tree / Café in Mariendorf,52.4349957,13.3898939,4.4,cafe,"Mariendorfer Damm 189, 12107 Berlin, Germany"
ChIJG2AI0BBFqEcRJ5kqD-KNmrY,tempelhof,Arona Mini Pizza Mariendorf,52.4389331,13.3880723,4.5,restaurant,"Reißeckstraße 2Y U-Bhf Alt, 12107 Berlin, Germany"
ChIJCTXGcSVFqEcRN4jFVKuImsY,tempelhof,Miu Burger Mariendorf,52.4354199,13.3724873,4.3,restaurant,"Dederingstraße 10, 12107 Berlin, Germany"
ChIJTcIIEC9FqEcR-dlH5VRvB5o,tempelhof,Masseria da Rocco Berlin,52.4239578,13.3716214,4.5,meal_takeaway,"Marienfelder Allee 20, 12277 Berlin, Germany"
ChIJ5d4kfRxFqEcRxXzgI_BrJXU,tempelhof,Restaurant Lucky-Sushi,52.4185367,13.3985435,4.6,restaurant,"Mariendorfer Damm 410, 12107 Berlin, Germany"
ChIJMVz6TwBFqEcRnmF413AIQVk,tempelhof,Burger Vision Smashburger,52.4364809,13.3716555,4.0,restaurant,"Lankwitzer Str. 4, 12107 Berlin, Germany"
ChIJv9e4q25FqEcR3x8LkI4Lvyg,tempelhof,Sato Café,52.4457136,13.3796751,4.9,cafe,"Rathausstraße 77, 12105 Berlin, Germany"
ChIJtdXHEIxFqEcRqTp5IgAq-Rs,tempelhof,Warme und Kalte Freude GÖZLEME MANTI,52.4405248,13.3880706,4.1,meal_takeaway,"Alt-Mariendorf 30, 12107 Berlin, Germany"
ChIJ0UbAUelRqEcRaZEM9lrrbbs,tempelhof,Mundo Tapas - Checkpoint Charlie,52.5075423,13.3897349,4.7,bar,"am Checkpoint Charlie, Zimmerstraße 19, 10969 Berlin, Germany"
ChIJcegmlUdFqEcRa9uMZJPbyGw,tempelhof,Call to Eat Mariendorf Berlin,52.4381426,13.3831243,4.1,meal_takeaway,"Friedenstraße 7, 12107 Berlin, Germany"
ChIJ58w03EdFqEcRH6wAcKvsWSw,tempelhof,Cafe Red & Blue,52.4389311,13.3890884,4.5,cafe,"Reißeckstraße 6, 12107 Berlin, Germany"
ChIJp1VQgJ9FqEcRgDGAsAUozhQ,tempelhof,Casa Vera,52.4067128,13.405999,4.8,restaurant,"Lichtenrader Damm 79, 12305 Berlin, Germany"
ChIJm9TOZVhEqEcRbXm0GRuXRmo,tempelhof,La Maria,52.3996418,13.409973,4.3,restaurant,"Alt-Lichtenrade 45, 12305 Berlin, Germany"
ChIJDyOhv_VFqEcR8ho3NpK77e0,tempelhof,Landhaus Lichtenrade,52.3867498,13.397297,4.7,restaurant,"Bahnhofstraße 32, 12307 Berlin, Germany"
ChIJeQ_Vcv1EqEcR5XdI6P-fjQI,tempelhof,Restaurant Meteora,52.4117454,13.4024038,4.4,restaurant,"Lichtenrader Damm 26, 12305 Berlin, Germany"
ChIJ78EwT_xEqEcRXXjQ4QTV8A0,tempelhof,Taverna Jianikos,52.40963439999999,13.4035932,4.5,restaurant,"Lichtenrader Damm 46, 12305 Berlin, Germany"
ChIJVbcGLGFEqEcRplfYP344Agg,tempelhof,Amma Ji | Lichtenrade,52.3875235,13.4104007,4.3,meal_takeaway,"Kirchhainer Damm 1, 12309 Berlin, Germany"
ChIJNwN-KIpEqEcRHiCzyeZB-lA,tempelhof,Yammas Tavernaki Greek and Mediterranean Specialities,52.386554,13.3990716,4.6,restaurant,"Bahnhofstraße 39, 12305 Berlin, Germany"
ChIJY2RDcgBFqEcRZ7t4Vf76fK0,tempelhof,Trattoria La Calabrisella,52.3903336,13.3880395,4.4,restaurant,"Franziusweg 114, 12307 Berlin, Germany"
ChIJZ92TTR1FqEcRjQbbyqWyuGU,tempelhof,Cuernavaca,52.4051982,13.4067193,4.5,restaurant,"Lichtenrader Damm 93, 12305 Berlin, Germany"
ChIJlyDzt2VEqEcRYHgjHKhcEMU,tempelhof,Zur Linde,52.3832978,13.4131712,4.4,restaurant,"Kirchhainer Damm 37, 12309 Berlin, Germany"
ChIJf_pepvlEqEcRG4--nVTC8fY,tempelhof,Al Tavolaccio,52.4044748,13.4058184,4.2,restaurant,"Lichtenrader Damm 100, 12305 Berlin, Germany"
ChIJPZatzlVEqEcRh4kxG_e5Pwk,tempelhof,Bellissimo,52.4068972,13.4153269,4.6,restaurant,"Töpchiner Weg 144, 12305 Berlin, Germany"
ChIJg7CP_4tEqEcRmtSEYxZsXrg,tempelhof,Principessa,52.3868859,13.3949428,4.4,restaurant,"Prinzessinnenstraße 3, 12307 Berlin, Germany"
ChIJlUMIwWpFqEcR-dfAE83VgsA,tempelhof,Ristorante Sole Berlin,52.40776049999999,13.4054307,4.7,meal_takeaway,"Lichtenrader Damm 67, 12305 Berlin, Germany"
ChIJZTV7JwBFqEcRFWNFDsWHlv0,tempelhof,Torre 9,52.3946921,13.4113152,4.3,restaurant,"Alt-Lichtenrade 83, 12309 Berlin, Germany"
ChIJEW-hvAJFqEcR6rdonxGYcW8,tempelhof,Stella Marina,52.4138768,13.4019019,4.5,restaurant,"Lichtenrader Damm 7, 12305 Berlin, Germany"
ChIJk7-twy5FqEcRy1iCY3_aay8,tempelhof,Restaurant La Luna,52.4141816,13.4010409,4.1,restaurant,"Lichtenrader Damm 2, 12305 Berlin, Germany"
ChIJFYzWXPZFqEcR-gi6ZrD5niI,tempelhof,Napolitano,52.4157326,13.4000871,4.9,meal_takeaway,"Mariendorfer Damm 436, 12107 Berlin, Germany"
ChIJH4XyzzNFqEcRcteq1LnGPsc,tempelhof,Hood Burger’z | Smashburger,52.39444719999999,13.4117512,4.9,restaurant,"Groß-Ziethener Str. 39, 12309 Berlin, Germany"
ChIJzwIpS_xEqEcRy4KTdEf1-Gs,tempelhof,Gyros King - Lichtenrade,52.4101323,13.4040119,4.3,restaurant,"Lichtenrader Damm 45A, 12305 Berlin, Germany"
ChIJIZ1prflEqEcRpFJcMU_X9TM,tempelhof,Vukotica Kutak,52.4039982,13.406524,4.4,restaurant,"Alt-Lichtenrade 2, 12303 Berlin, Germany"
ChIJXT3nQWFEqEcRtoTwbVZoYZ0,tempelhof,Ko Chang thailändische Spezialitäten,52.3865518,13.4068147,4.4,restaurant,"Bahnhofstraße 60, 12305 Berlin, Germany"
ChIJ78EwT_xEqEcRtmRJzuzPZm4,tempelhof,Stefano Trattoria,52.4095816,13.4036233,4.4,restaurant,"Lichtenrader Damm 46, 12305 Berlin, Germany"
ChIJtx0cAOtEqEcRD08hwJOSfNQ,tempelhof,Zur Tränke,52.39651569999999,13.3812695,4.7,restaurant,"Schichauweg 49, 12307 Berlin, Germany"
ChIJwegcCa1FqEcRCeHyY872KhI,tempelhof,Bärenklause,52.3862038,13.410529,4.5,restaurant,"Kirchhainer Damm 10, 12309 Berlin, Germany"
ChIJhZ3OXUREqEcRbpXlRP8tQ5w,tempelhof,Zur Märkischen Landfrau,52.39545709999999,13.426632,4.3,restaurant,"Lichtenrader Ch 14, 12529 Schönefeld, Germany"
ChIJLRAiYs1FqEcRQM4sSLAww3U,tempelhof,itoko Sushi,52.4141804,13.4006242,5.0,restaurant,"Buckower Chaussee 161-162, 12305 Berlin, Germany"
ChIJixFYoUxFqEcRJsVpBh4HEeo,tempelhof,Sushi Yana Lichtenrade,52.3870528,13.398724,4.7,meal_takeaway,"Bahnhofstraße 29, 12305 Berlin, Germany"
ChIJ_aAd2ItEqEcR4nwmhLhJ9IE,tempelhof,Pizzeria Mittelmeer,52.386801,13.3956279,4.7,restaurant,"Prinzessinnenstraße 2, 12307 Berlin, Germany"
ChIJ_zOUHvxEqEcR_tS34EhA0Ko,tempelhof,Yumi Sushi Berlin,52.40844389999999,13.4050611,4.5,meal_takeaway,"Lichtenrader Damm 61, 12305 Berlin, Germany"
ChIJr00-X6BFqEcRydbhLAl1YJ4,tempelhof,Golt'z Burger,52.3873827,13.4091293,4.6,restaurant,"Goltzstraße 1, 12307 Berlin, Germany"
ChIJJ-J9u95EqEcReEbvVENAJO8,tempelhof,Flame Diner,52.4111328,13.3777161,4.4,restaurant,"Zehrensdorfer Str. 9, 12277 Berlin, Germany"
ChIJQ8P1-nxFqEcRiMNpkjojVf4,tempelhof,Dürümcü Baba,52.3865534,13.3999784,4.8,meal_takeaway,"Bahnhofstraße 39, 12305 Berlin, Germany"
ChIJoxHOoAJFqEcRzngIQaw09FY,tempelhof,Phone 36,52.4133033,13.401539,4.2,restaurant,"Lichtenrader Damm 10, 12305 Berlin, Germany"
ChIJFaogLh1FqEcR2UviSb2d42w,tempelhof,China Restaurant China-Town,52.4152462,13.4004243,4.2,restaurant,"Mariendorfer Damm 442, 12107 Berlin, Germany"
ChIJJQ7JUvxEqEcRGgujPYhVrHs,tempelhof,My Friends Sushi & Asia Food Berlin,52.41020469999999,13.4032178,4.3,meal_takeaway,"Lichtenrader Damm 42, 12305 Berlin, Germany"
ChIJEfhHXF5EqEcRQOmeYspDLvY,tempelhof,Zur Alten Feuerwache,52.3927274,13.4108099,4.5,bar,"Alt-Lichtenrade 99, 12309 Berlin, Germany"
ChIJ4alnPDpRqEcRFAlQfLbnqEs,tempelhof,Villa Kulinaria Tempelhof,52.3928283,13.4196079,4.1,restaurant,"Nahariyastraße 23, 12309 Berlin, Germany"
ChIJCTGPKBRFqEcRAeiIop4s_Z0,tempelhof,Pizza bacio,52.3868081,13.4046194,4.6,restaurant,"Bahnhofstraße 10, 12305 Berlin, Germany"
ChIJVXAZ3o5DqEcRrKWx4gcdD0Q,tempelhof,Akropolis,52.3618402,13.4093251,4.8,restaurant,"Luisenstraße 4, 15831 Blankenfelde-Mahlow, Germany"
ChIJTzMNiXlFqEcR8wHj-c7XVpM,tempelhof,Honigtopf Restaurant & Cafe,52.4203862,13.4245289,4.5,restaurant,"Marienfelder Chaussee 12, 12349 Berlin, Germany"
ChIJJ8ZsJopEqEcRq0Z98VCsVEI,tempelhof,Eiscafé MOIN MOIN to go,52.3865534,13.3999784,4.3,food,"Bahnhofstraße 39, 12305 Berlin, Germany"
ChIJmU6XKIpEqEcR_ow9FElOW3M,tempelhof,Bauernstübchen Lichtenrade,52.38655319999999,13.3993595,4.4,bar,"Bahnhofstraße 39, 12305 Berlin, Germany"
ChIJB-2aWfZEqEcRKcyy5bCTXLY,tempelhof,Die Goldene Gans,52.3983667,13.4049436,4.1,bar,"Grimmstraße 7, 12305 Berlin, Germany"
ChIJBdVuK-xEqEcR-Xsq20nrl8k,tempelhof,Valentino Pizza — Pasta — Burger Berlin,52.398281,13.388916,3.5,meal_delivery,"Schichauweg 1, 12307 Berlin, Germany"
ChIJMxuVswJFqEcRQkn78-jBAHw,tempelhof,Lichtenrader Grillhaus,52.4141851,13.4010356,4.3,restaurant,"Lichtenrader Damm 2, 12305 Berlin, Germany"
ChIJqeetAaVFqEcR24OX458_3fE,tempelhof,La Parrilla Berlin,52.3883668,13.4091481,4.1,meal_takeaway,"Lichtenrader Damm 269, 12305 Berlin, Germany"
ChIJuycmm6FFqEcRhWZDhMSHk2s,tempelhof,The Mood Shisha Bar Berlin / Restaurant,52.4140864,13.400089,4.4,point_of_interest,"Buckower Chaussee 160, 12305 Berlin, Germany"
ChIJfz1HhcpFqEcROaCWDHOr2jY,tempelhof,Malzcafé Alte Mälzerei,52.3878648,13.3974848,4.7,cafe,"Steinstraße 41 Erdgeschoss, 12307 Berlin, Germany"
ChIJvZRgYN5FqEcR6PiJoxtjFvg,tempelhof,Wernicke - Das Original,52.3863294,13.4068331,4.6,restaurant,"Goltzstraße 4, 12307 Berlin, Germany"
ChIJHbh-C_lEqEcRwnDU9p0XRYk,tempelhof,Gasthaus Lichtenrade,52.404892,13.4057823,4.1,bar,"Lichtenrader Damm 96, 12305 Berlin, Germany"
ChIJf9caEsxFqEcRfyI05Ibns3w,tempelhof,Kebap Haus,52.3865051,13.4025881,4.6,restaurant,"Bahnhofstraße 49, 12305 Berlin, Germany"
ChIJgYf-yoBFqEcRt22Z8ElUesY,tempelhof,Gelato bacio,52.3868386,13.4043199,4.7,food,"Bahnhofstraße 11, 12305 Berlin, Germany"
ChIJhcJxcoBEqEcRdEgFgNLwlDo,tempelhof,Waldstübchen Hunters Kitchen,52.37277779999999,13.3947222,4.4,restaurant,"Arcostraße 45, 15831 Blankenfelde-Mahlow, Germany"
ChIJH-v_d6E7ZUERMHywZtS-Bw0,tempelhof,Restaurant Apne Berlin,52.4161425,13.4044904,4.2,restaurant,"Schlierbacher Weg 7-9, 12349 Berlin, Germany"
ChIJQwsxCYxEqEcR-S-PPgEXyQ4,tempelhof,Hotel Kryom's 108,52.38734729999999,13.3948493,4.2,lodging,"Wünsdorfer Str. 108, 12307 Berlin, Germany"
ChIJ27118rdaqEcRgrtz751_R_Y,tempelhof,Taverna Sirtaki,52.4418308,13.3531677,4.7,restaurant,"Kaiser-Wilhelm-Straße 130, 12247 Berlin, Germany"
ChIJQa_SAABbqEcRis8gaAEXhGU,tempelhof,Vand Garden Vietnamesisches Restaurant & Sushi,52.4367226,13.3459797,4.8,restaurant,"Kaiser-Wilhelm-Straße 82, 12247 Berlin, Germany"
ChIJR0uYDENbqEcRW9PgL8RW6x4,tempelhof,Meteora Lankwitz,52.44375669999999,13.3397318,4.9,restaurant,"Leonorenstraße 18, 12247 Berlin, Germany"
ChIJ1YhOc51bqEcRP7Pd48zennY,tempelhof,Adria Grill,52.4338862,13.3418856,4.6,restaurant,"Kaiser-Wilhelm-Straße 55, 12247 Berlin, Germany"
ChIJQe1XL8daqEcR1JpgH1_0orU,tempelhof,La Montanara,52.4389735,13.3440081,4.3,restaurant,"Leonorenstraße 67-69, 12247 Berlin, Germany"
ChIJwQg3ccxaqEcRhEmShSCEvco,tempelhof,Bardolino,52.4340127,13.3592946,4.5,restaurant,"Wedellstraße 31, 12249 Berlin, Germany"
ChIJJbqUB3FbqEcRU2d7kDgaIv8,tempelhof,AYO RESTAURANT Sushi bar & Asian Fusion,52.43373769999999,13.3416452,4.8,restaurant,"Kaiser-Wilhelm-Straße 53, 12247 Berlin, Germany"
ChIJ5azUeGlbqEcR5gSRdl9HJ48,tempelhof,Saigon Kitchen 1985,52.4298014,13.3333187,4.6,restaurant,"Kaiser-Wilhelm-Straße 3, 12247 Berlin, Germany"
ChIJjyYqK75bqEcRb_B3wV-QtpQ,tempelhof,Taverna Axia,52.4293554,13.3517441,4.8,restaurant,"Beselerstraße 1-3, 12249 Berlin, Germany"
ChIJwan2GShbqEcRB_q1M-3IkJ4,tempelhof,Poesia,52.4192568,13.3428807,4.5,bar,"Apoldaer Str. 36, 12249 Berlin, Germany"
ChIJ5brigXNbqEcR4SoutY5hlqE,tempelhof,Köfteci Niyazi Efendi,52.4400736,13.3427306,4.8,restaurant,"Leonorenstraße 60, 12247 Berlin, Germany"
ChIJ2borBB5bqEcRqYAm0S23M-w,tempelhof,Ashiyana,52.4299298,13.3350177,4.8,restaurant,"Kaiser-Wilhelm-Straße 11, 12247 Berlin, Germany"
ChIJtQ3rOQBFqEcRgUsbhbow7qs,tempelhof,Middle Eats Kitchen,52.4272406,13.3665054,4.8,restaurant,"Belßstraße 42, 12249 Berlin, Germany"
ChIJQQybXcVbqEcR2NNw8glXEM4,tempelhof,Boccadoro bei Bellini,52.42405669999999,13.3306417,4.7,restaurant,"Ferdinandstraße 15, 12209 Berlin, Germany"
ChIJObDumJxbqEcRwONarLGAHXU,tempelhof,Imperator Berlin,52.4300204,13.3342708,4.7,meal_takeaway,"Kaiser-Wilhelm-Straße 7-11, 12247 Berlin, Germany"
ChIJC1ZBbABbqEcRgAj0TsUVrhE,tempelhof,Lankwitz Döner,52.4392369,13.3422355,4.1,restaurant,"Kaulbachstraße 73, 12247 Berlin, Germany"
ChIJWaj0z8BaqEcR960w4UXLuMk,tempelhof,Zokis-Beer Pub,52.43962459999999,13.3424051,4.5,bar,"Kaulbachstraße 68, 12247 Berlin, Germany"
ChIJ6bwu_u9aqEcRa9X5ywpbwDA,tempelhof,Tomasa Lichterfelde,52.433761,13.3176503,4.5,restaurant,"Bäkestraße 15, 12207 Berlin, Germany"
ChIJVUr9wBtbqEcRy_AwhFIm4ag,tempelhof,Buffet Restaurant Royal Garden Berlin,52.416276,13.3154516,4.4,restaurant,"Osdorfer Str. 26, 12207 Berlin, Germany"
ChIJjapVfMxaqEcRGZPjagVv77o,tempelhof,Vuong Asia Küche & Sushi Bar,52.43408350000001,13.3595718,4.5,restaurant,"Kamenzer Damm 40, 12249 Berlin, Germany"
ChIJGxglWSlbqEcR3tGx8Yf6CRA,tempelhof,Dalmacija,52.4151096,13.3467715,4.7,restaurant,"Hildburghauser Str. 62, 12279 Berlin, Germany"
ChIJb1b6EqJQqEcR28On5Y4VW5E,tempelhof,Marc Clément franz.Restaurant,52.4264715,13.3351482,4.5,restaurant,"Kurfürstenstraße 31, 12249 Berlin, Germany"
ChIJg8DkKN5aqEcRvENR--tiUwI,tempelhof,Nostos,52.4247063,13.3289336,4.5,restaurant,"Oberhofer Pl. 9A, 12209 Berlin, Germany"
ChIJM-0UX4ZbqEcRze83nWt9ae4,tempelhof,Trattoria CHE FAME,52.44725039999999,13.3421378,4.9,bakery,"Albrechtstr. 70, 12167 Berlin, Germany"
ChIJhU3vXhVbqEcRyQo-kuP0zEk,tempelhof,Grillhütte 46 Berlin,52.4299756,13.3538383,4.9,meal_takeaway,"Malteserstraße 53, 12249 Berlin, Germany"
ChIJMVLl_LxaqEcRCMCzscxVDK8,tempelhof,Zagreb,52.4500475,13.3452481,4.5,restaurant,"Steglitzer Damm 54, 12169 Berlin, Germany"
ChIJXY9XFt1aqEcRngyheoB9cbE,tempelhof,Det Is Knorke,52.43028529999999,13.3338591,4.6,restaurant,"Kaiser-Wilhelm-Straße 6, 12247 Berlin, Germany"
ChIJKals2ZdaqEcRQ6F8ehAmSAk,tempelhof,Restaurant Duo,52.451048,13.3411211,4.7,restaurant,"Steglitzer Damm 29, 12169 Berlin, Germany"
ChIJpZSZSHlbqEcRRRkOTLbNKEI,tempelhof,Restaurant & Eventlocation Big Point,52.4422645,13.3455375,4.4,restaurant,"Leonorenstraße 37-39, 12247 Berlin, Germany"
ChIJu_6KeudaqEcRUl49umVsomc,tempelhof,Yogi-Haus Lichterfelde,52.42896,13.33007,4.3,meal_takeaway,"Lankwitzer Str. 5, 12209 Berlin, Germany"
ChIJaeVddsZaqEcRXPBDtCKyUuk,tempelhof,Dpati Bistro-Lieferservice,52.4358729,13.3469228,4.9,restaurant,"Paul-Schneider-Straße 5, 12247 Berlin, Germany"
ChIJ1RsKZh9bqEcR8xDDVCpAqLA,tempelhof,Weißes Rössl,52.4183744,13.3243825,4.3,restaurant,"Heinersdorfer Str. 15, 12209 Berlin, Germany"
ChIJEV6ajhZFqEcRv3_rDNkU4mk,tempelhof,"Haifa Manakish, Humus and more",52.4272775,13.3664593,4.4,restaurant,"Belßstraße 42, 12249 Berlin, Germany"
ChIJ4yqhd8ZaqEcRw_vlF6lvQsk,tempelhof,Dua do - Asia Food & Sushi Time,52.4358572,13.3469735,4.2,restaurant,"Paul-Schneider-Straße 5, 12247 Berlin, Germany"
ChIJUT4HZEpbqEcR3967eXdvfTs,tempelhof,Chandi indisches Restaurant,52.4479153,13.3402047,4.9,restaurant,"Albrechtstr. 52, 12167 Berlin, Germany"
ChIJrwHajsZaqEcRViLX-xyy97Q,tempelhof,TAS Gemüse Kebap,52.4366631,13.3456783,4.8,restaurant,"Leonorenstraße 99, 12247 Berlin, Germany"
ChIJF8hPd-daqEcRbJ9Fojimdo8,tempelhof,Asian Deli,52.4292666,13.3297216,3.9,meal_takeaway,"Lankwitzer Str. 19, 12209 Berlin, Germany"
ChIJqxduruhbqEcRHj2-956SCoI,tempelhof,Asami XI,52.4512733,13.3210266,4.9,restaurant,"Birkbuschstraße 11, 12167 Berlin, Germany"
ChIJCTM1V3JFqEcRditUOJ4RO3M,tempelhof,Schnitzery Marienfelde,52.4131868,13.3626396,4.8,restaurant,"Marienfelder Allee 146, 12279 Berlin, Germany"
ChIJxULHicZaqEcReg85K6boxIA,tempelhof,Café Surf Inn,52.4247139,13.3308034,4.4,restaurant,"Parallelstraße 11, 12209 Berlin, Germany"
ChIJvS3wMGVbqEcRoBgu9bZmXVY,tempelhof,STAR Gemüse Kebap,52.4360243,13.3466554,4.6,restaurant,"Paul-Schneider-Straße 3, 12247 Berlin, Germany"
ChIJ8zmyNsNaqEcR53e74BCSI_Y,tempelhof,Kinderkiste Lankwitz,52.43162,13.337079,4.2,cafe,"Kaiser-Wilhelm-Straße 28, 12247 Berlin, Germany"
ChIJ3QdsbMRaqEcRDnOKuM3ZdY0,tempelhof,Gemüse Kebab-Das Original,52.4347316,13.3423664,4.5,restaurant,"Dillgesstraße 14, 12247 Berlin, Germany"
ChIJr6xuI8RaqEcR_Hg5ca4uipQ,tempelhof,Döneria,52.4353656,13.3438628,4.5,restaurant,"Kaiser-Wilhelm-Straße 70, 12247 Berlin, Germany"
ChIJx__Ok8ZaqEcRhYdjg-G0NuQ,tempelhof,Kings Döner,52.4370686,13.3447338,4.6,restaurant,"Leonorenstraße 94, 12247 Berlin, Germany"
ChIJdzidFhlbqEcRmJ4s7NGOmi4,tempelhof,Käffchen Café & Bäckerei,52.43913360000001,13.3418665,4.7,cafe,"Kaulbachstraße 71, 12247 Berlin, Germany"
ChIJpfLGrVhbqEcRvLWCX8wzgfc,tempelhof,Caffè di Loressa,52.43375839999999,13.3593126,5.0,cafe,"Wedellstraße 31, 12249 Berlin, Germany"
ChIJJ7U6fBxFqEcR6X3tupwjSu4,tempelhof,Eiscafé Malibu,52.4388117,13.3441185,4.4,cafe,"Leonorenstraße 71a, 12247 Berlin, Germany"
ChIJdY_iYFRbqEcR66z9eg05bmU,tempelhof,Risa Chicken Steglitz-Zehlendorf,52.4559079,13.3241516,4.7,restaurant,"Albrechtstr. 8, 12165 Berlin, Germany"
ChIJBxGExeBaqEcRvTK8yOomO2k,tempelhof,Nammi Berlin Lichterfelde Ost,52.42648089999999,13.3267874,4.4,meal_takeaway,"Oberhofer Weg 12, 12209 Berlin, Germany"
ChIJh4RO2b1aqEcR38XLoVylyzA,tempelhof,Tony's Pizzeria & Ristorante Berlin,52.4491223,13.3388331,4.5,meal_takeaway,"Albrechtstr. 80, 12167 Berlin, Germany"
ChIJ6UGI-cVaqEcRKuatarv8TUI,tempelhof,Zum Schusterjungen,52.4349875,13.3488544,4.3,bar,"Paul-Schneider-Straße 25, 12247 Berlin, Germany"
ChIJefr9IiZbqEcRGYMYZ-HTuKE,tempelhof,Pizzeria Mangali Berlin,52.4166645,13.3389232,4.5,meal_takeaway,"Hildburghauser Str. 110, 12209 Berlin, Germany"
ChIJ_fWIS85aqEcR6uGAoNAyC4o,tempelhof,Gemeindepark Lankwitz,52.4312511,13.3514951,4.5,park,"Malteserstraße 43, 12249 Berlin, Germany"
ChIJO257fvFaqEcR09iTphJOaa4,tempelhof,Feng Yuan Berlin,52.4304535,13.3344059,3.8,restaurant,"Kaiser-Wilhelm-Straße 8, 12247 Berlin, Germany"
ChIJOw9fXp9bqEcRfbxxcCDvhFc,tempelhof,Dosa King South and North Indian Vegan & Vegetarian Restaurant am Steglitz Berlin,52.4617183,13.3230925,4.8,restaurant,"Schildhornstraße 98, 12163 Berlin, Germany"
ChIJ_X6t02dbqEcRKmrwoLBghMA,tempelhof,Mana Eismanufaktur,52.4301162,13.357781,4.8,food,"Wedellstraße 80, 12249 Berlin, Germany"
ChIJQUz4iklQqEcRoR2HY1JwkQE,tempelhof,Fadi Food,52.4987584,13.3627517,4.2,restaurant,"Potsdamer Str. 117, 10783 Berlin, Germany"
ChIJZ4C9pMlRqEcRObDROnomoDg,tempelhof,Lindenbräu am Potsdamer Platz,52.5102081,13.3728722,4.1,bar,"Bellevuestraße 3-5, 10785 Berlin, Germany"
ChIJbS9vGFZFqEcRTk_a81CHraI,tempelhof,Preußen-Quelle,52.4579319,13.3855038,4.8,restaurant,"Friedrich-Wilhelm-Straße 85, 12099 Berlin, Germany"
ChIJiy992fxPqEcRCneFskZ4txI,tempelhof,Pizzeria Yasmin Snack Berlin,52.4684028,13.3851561,4.0,restaurant,"Tempelhofer Damm 124, 12099 Berlin, Germany"
ChIJiy992fxPqEcRzZsj8A4r_JA,tempelhof,Co Chau Kitchen,52.468491,13.3851282,4.5,restaurant,"Tempelhofer Damm 124, 12099 Berlin, Germany"
ChIJSR-dCVdFqEcRNjm3jRXx_es,tempelhof,Alte Liebe Tempelhof,52.45542080000001,13.3872473,4.4,bar,"Tempelhofer Damm 227, 12099 Berlin, Germany"
ChIJt6ejHVpQqEcRmvlmNG_MeSc,tempelhof,Goji,52.4952647,13.3399581,4.8,restaurant,"Motzstraße 58, 10777 Berlin, Germany"
ChIJB3zXilZFqEcR3Ny1GCeM9Ks,tempelhof,"Tempelhofer Hafen, Berlin",52.4557099,13.3858637,4.2,shopping_mall,"Tempelhofer Damm 227, 12099 Berlin, Germany"
ChIJiXdHrvhPqEcRGPYUH0ttPkA,tempelhof,"Timeless Café, Cocktail & Sportsbar",52.4591092,13.3846747,4.3,bar,"Tempelhofer Damm 193, 12099 Berlin, Germany"
ChIJlXb_LFU7ZUERZPWZGF9z444,tempelhof,Taste Hellas,52.4564973,13.3835926,4.3,supermarket,"Tempelhofer Damm 218, 12099 Berlin, Germany"
ChIJebDQ5FZFqEcRNZXtECVGhnw,tempelhof,Pier 13,52.4548871,13.3874654,4.6,point_of_interest,"Tempelhofer Damm 227, 12099 Berlin, Germany"
ChIJC7m27dpFqEcRQMoX6UczcGw,tempelhof,BoBoQ- Tempelhofer Hafen,52.4548564,13.3845282,4.4,point_of_interest,"Tempelhofer Damm 227, 12099 Berlin, Germany"
